filename,split,sha256,person,head,helmet,vest,glass
000004_jpg.rf.2d177cd36746c12139d9b38760b9a822.jpg,train,8c8562f45ebb9706fcfac8a6b32af523deec91ab4a303a11151a152451f9a821,5,6,0,0,0
000006_jpg.rf.e1f54127f2f52fbdbd97d7d474834a34.jpg,val,d7dca5befc9a39cd9833b7c6d04b643eafde0b4331fb0dfbb7adacb35ccd29eb,4,5,0,0,0
000019_jpg.rf.294e5c78c41809a1c1104a0f1fbec51e.jpg,train,a5434b7ceae28b36efbba9161b8dec0e79adbece2110cd03974675dbfd9c048e,5,5,0,0,0
000030_jpg.rf.4654b7b9c2a0083b65a5816981db46d1.jpg,train,b0624d382cf7200884fc69536bf2180ecb6d982972af8601ee547d0ededdee97,8,9,0,0,0
000091_jpg.rf.6cc8b01c316b665808ab44fd616c926d.jpg,train,95fea0dbfd99aef96a2cfb931fb94ad88f5ff43ee63386f738c78723ed681e8b,3,6,0,0,0
000121_jpg.rf.ec7216b5cb7bb17f4a9be32ff531487b.jpg,train,045a40bf6b93c6baaeba4d7bc36114494a136de29efe3e84f9b080340cf23aef,5,6,0,0,0
000132_jpg.rf.3da694674c2c02bf6b6128e154321a4a.jpg,train,daf31ba642dfe9e951c9d72afc1a74d199db7ebe08c9c9a0a1dc94b653371561,5,10,0,0,0
000150_jpg.rf.d6874caba08b6b1c4814df7314ea915f.jpg,train,71fc367fb92d1e26ff3d24e74e9df3cfdbbc365b704c9d400841869639bd942c,6,6,0,0,0
000154_jpg.rf.0f0f1f1b569379be1960a1f8ea1dd6af.jpg,train,7dcbc08798f424ffa0f76375eaefab4bdf584abc3bd6b0714747251e5be291e3,4,4,0,0,0
000196_jpg.rf.8a2dda67ffd14d28c493344d1f4a9692.jpg,train,f90d66b7ce9de2e31efa4c5c4711a44e7400410a1384a090a68633ea852f1639,7,9,0,0,0
000207_jpg.rf.ef2c7275a650f49330d4a0f280d3c8e3.jpg,train,2d750e387c57db8af858eb94c8acd158cd33219cade32a5fb86533287f00e816,5,7,0,0,0
000218_jpg.rf.b249db7bfea619264421ec76f84086f3.jpg,train,0abadaaa1ac53a4a7d29c83edfca9386209386b8b5a55ff352cabc7a28008af0,7,8,0,0,0
000221_jpg.rf.736bbaa15e56b4a8468f403f0c6a8887.jpg,train,8e6bb64b1b24901907407d98c62e5d25b4f0d24f23d0cff73c9d8847a3d772ec,6,7,0,0,0
000240_jpg.rf.9820b552c95ff061accfc788c61866ed.jpg,train,d98811ea5ebb11005a8d83c8c862e31f3e14d26019e3f55f7a5601e45d7e0fe4,0,0,1,0,1
000242_jpg.rf.85499b328b0fd4315dd8981f500d5857.jpg,train,972ccefd187490073396c970cbf200b016cd53e69b22fcfadd829e6593584149,5,5,0,0,0
000245_jpg.rf.b022ce7a0399635c9876c8af684816dd.jpg,train,2db16e426355d7c7c2aa9b3969967145c79cbd5f7c7845e4ab836c92c585d5f0,3,4,0,0,0
000253_jpg.rf.d2879eef456155b20cca2cc67f08be70.jpg,train,b2ecbbaabdc99baf115535c7a2de413e6a0f42782c5940e86db5ced99e7c9089,7,8,0,0,0
000371_jpg.rf.9370e1c3a62eb82276c6b7e2675a4a11.jpg,train,3d51f09ce6d979576c8c67ba95e4235c7fe88bfc759df85823a05b78c975d866,5,8,0,0,0
000473_jpg.rf.fa7c6af7ba8672e321960ca9a14fd772.jpg,train,18d2e819c2c91f8eff43774a3d5b923cb72921eb15658e8ac7082fe4fba51a60,5,8,0,0,0
000488_jpg.rf.7de538484d8c036ef479984656904443.jpg,train,0ad9c3f9ca5f13586e83f506d2928b4e7f2f198b8f295872098407f53e3b8358,1,1,0,0,0
000528_jpg.rf.7005f8dfd5989f9479995d6fbe34fe18.jpg,train,46486eec60216a2c2624f6251d1ebc6da62b2cb9bc90c269b4962fd3871849b7,8,12,0,0,0
000531_jpg.rf.474501e091a3606cbe6019db18e5d985.jpg,train,77796ac2f1cdfabc0d601a17359e4b39c974c2626ad3d7bbbc8ef0a3975f26fa,8,11,0,0,0
000540_jpg.rf.8ae5d8b641c393a9b079c6cc157a856e.jpg,val,4bd097d19adbdc0c6948ad2aa25ce84565837c946b4f8e1e3e4dda12e7c92a30,4,4,0,0,0
000570_jpg.rf.ce23957227b5d50ad0a2188793051894.jpg,test,6849a1b88edb9d8cebfce511aab26bac72017c4567f290339534227170b7c00b,2,5,0,0,0
000573_jpg.rf.8b16af17b32cc083c34228a71fb7be68.jpg,train,1fea7d67dc41f325eda2ad62613d4fae6156648532d85cd61ff041aa8672f77e,6,6,0,0,0
000605_jpg.rf.5b54eece156366b648de831c36def1d7.jpg,test,a806ffd3aea9464f83de3105ef1fbaa6f0cdbd6068934d3bfe93cfeba7146454,7,9,0,0,0
000615_jpg.rf.de9b87ccc0395bb1f8d5f921386bb843.jpg,test,8e641cbaf54c7f90725a0b227b94595a21c4507e1b280fe59b693ca04dd2de94,5,6,0,0,0
000638_jpg.rf.b5977f4742a3c68dbd150c1bd6763424.jpg,train,6f49d3093ff97eda47cd8112d1242861ed232b1aae2a45ef94c4ea6cd721a479,8,8,0,0,0
000653_jpg.rf.f942ba4b7bb95832215b4fb3cfe38d6b.jpg,val,e86e1a37852224a2a7436d13fa2520d430083f89f44b5b15b8a3a22d71605990,5,7,0,0,0
000662_jpg.rf.9632dedae2be494988833283de986396.jpg,train,6349518f480c3ec505676ec1d037bcf740c359f6005c1f85f8f73ee15a776d81,3,3,0,0,0
000671_jpg.rf.0700d733e95f53bac15a8ba7e7a3d8b0.jpg,train,5aa14a2e30d6211414f36f180967c252cc843ca46df063092cdcf5b4a19bb2f0,6,8,0,0,0
000682_jpg.rf.08a1b35b5ff359580ee9e9095c067363.jpg,train,e1abe680928ee8055e9130221813acab143604d7401b4c02964fdbd6599377f0,2,2,0,0,0
000683_jpg.rf.90430f3ca7a4133f923a53ad094088b0.jpg,train,e402aae28dd17b093bb606a7d1d7ae89128e804446da6fe89f5b1375b1b0ac93,1,1,0,0,0
000759_jpg.rf.fa65e9be6c6bae44ddb43cee4723a125.jpg,val,b5a86de25d619bcbdad135b6cc6f10e36d19c2c73489e0fe8f9bff9f6a3da3ca,8,15,0,0,0
000783_jpg.rf.1eb646c2e3a31f74403136a55dcfbf79.jpg,train,bb91771b753a9c7722b3e80c6311a080862837b04bd382944750a20b0cb03ecb,5,5,0,0,0
000799_jpg.rf.4efffe44667cb9825f1e227fdb64c88f.jpg,train,8c8806c470d455a3c2fed33302858ba4957a3e1456d6f92e54ee2c03f4b12a92,6,7,0,0,0
000801_jpg.rf.09275e7eac691568caba9c3b7f7ec677.jpg,train,704033b8e1ab16417c57b1c91c60ba82850757b01ab3ff27d556749905f08473,10,10,0,0,0
000813_jpg.rf.fbfcb2f1ceabf7529a47020501b78ef6.jpg,train,1e415b720f280305c6122052d338627df108b4cd5c044374382c1e7a68b8c1ab,4,4,0,0,0
000914_jpg.rf.dd4fd7cb9eda6e1f31a0440bc995d046.jpg,val,88cddf538ea403fa5d7416fe40c82cd2e619fa185e60e3de60d33e347319d65e,1,0,1,0,1
000915_jpg.rf.17919dcc2d23fb8f5c1cf843c2e74984.jpg,train,ff40dbb1cf309e2a270edc7cf6b033b643e7847fbfae8a387c14297bbb37e3c2,1,0,1,0,1
000957_jpg.rf.02d94f6d7d3c3ff0c1efcd31c8a190ec.jpg,test,d27b9f7d16c881a1d9d3ce97896a1fbb42e621d14d1f81c27b543019fc9f647a,4,4,0,0,0
000961_jpg.rf.6111546191ea9c5f07a419a5c4ef9122.jpg,test,43791e0f022b2022a871afae9882fc8726cedc54811bb10bff3a180254933d86,7,12,0,0,0
001023_jpg.rf.98feb419ee4777e77c0710320f7d28c6.jpg,train,1ae408e0ff0938e7363d74f668d7af71d650910f769d7a320f5adaafdec53070,6,8,0,0,0
001056_jpg.rf.43e2b8c512553bd3b2aba664881505dc.jpg,train,78ca5003f1becacb3e64823be3234bbf48510852eeeb8c8356b38d9a8aa19925,5,6,0,0,0
001061_jpg.rf.a8b5cd0a45982e95e961d9cf4c466340.jpg,train,f33d1ee1183cb8652fba39bcc6e3aeb27fbfa10e973247c99f77efca49391d22,6,6,0,0,0
001113_jpg.rf.b38a351f211305a3b3288d5d975c6894.jpg,train,40c0738270acbeb09ba66fdfc48e50c016b7a555ccc59bd2d8a5990924aa958b,1,0,0,0,1
001135_jpg.rf.1b22e657f2b7f8b1041d9097b4c4383e.jpg,train,55b5e74cc5a299bb71c89c77b053f5cb5f6ad23aba189048154268690a05e701,9,11,0,0,0
001195_jpg.rf.da72e0a22ed87417840a0b714b8d2f46.jpg,train,5a96f30358e0bbcb62d558535544e42a46ed3e09daafb8607e9823402aae22c5,4,4,0,0,0
001222_jpg.rf.98dc1714e4bb6b883419b5366d5684a2.jpg,train,9a3bc08c52e02872636004c4617bfcd804187ef12eb26462a0ff50b54274d77b,1,0,1,0,2
001225_jpg.rf.0ce9d53812402f54891ebf8ade216df0.jpg,train,7d61c862b6ceb5e0a2a57958414f77dfc18c9a4e77a34bd2fe73fd6380b46eb7,1,0,0,0,1
001226_jpg.rf.9aad0092ef530a49b6999b4b23bbe94b.jpg,train,c17ede591f6bcc5488d5b5b69da0f1d4294a49d0d0933d9387488773aed7fbe8,6,9,0,0,0
001244_jpg.rf.7308ea2da5eaf58e7e531672b82a948e.jpg,train,24432d82d054d6abe1161a2b171334ee68dc57a01a0927183f4cde5d6cdd63bb,8,10,0,0,0
001345_jpg.rf.8e2aacb874d2f1d14b7ef84fad74810e.jpg,train,c174bd7ff5c7abcc56ba939bb8e0726729ebac53145c718988f7a1499482152c,5,6,0,0,0
001350_jpg.rf.c6ceaee93ccc6194f353e6ffe084c15e.jpg,train,2c3a08f5ef30fef099452c90f110bb68bc27919a2139e7386c77878fc522c80a,5,5,0,0,0
001360_jpg.rf.a08785df101676c6493d4ef07de27601.jpg,val,a89e657c7a1051a72e4bfa110cbd485ff9c41c3c418c1720c702f4b55858b7a6,7,9,0,0,0
001382_jpg.rf.93b41517a51db6ec08b0f423a0b4b374.jpg,train,b23968cbca9fb621fd8b92a4e36d330f3a49ceffcd5544429a5cddf615f372d6,6,6,0,0,0
001386_jpg.rf.39e771269f8a2391a739eb83ad6a6c4e.jpg,train,84972974025516bde25bdd37f106063406962d3b324da51c500dff897a106c31,4,4,0,0,0
001403_jpg.rf.4ef66d6b416cd8ed523b1853853617be.jpg,train,f6d5cd21b4361d3ce13c3c4a5cf46215f1b826cdd4633c768daa4e593d314f5d,4,4,0,0,0
001452_jpg.rf.407bb7f7df4f207027f790aee48a85ce.jpg,val,d261a3694a6b5ccc40bd3959a7638c15a80b158a99f6960eea09322aa2c8b5ec,5,6,0,0,0
001453_jpg.rf.7b0d444ec5730f23a4f61ed046c4e620.jpg,train,8a3817b3537a49e2434ac34cd62624f71e5dc39d433b568d372fa88484532ff4,4,6,0,0,0
001461_jpg.rf.09c4e02b0c07e106bac134e40a46e556.jpg,val,8850075ed22e0c6ca5262cbf2b0bc66c184996c5c46df543ece997c3c1698833,6,8,0,0,0
001500_jpg.rf.55a88c1e771f94c8300084f831342a2d.jpg,train,0cc7f57a742b6c853f4cab0916bffb82641ed1aafcf72e796ffefec8334b90c9,5,8,0,0,0
001565_jpg.rf.57a255aecd624cc25776aced2a53fe9d.jpg,train,0f6487a4eae57c1931480e5c3ebc5fb8148c07367161b504d18cb33a8b62f0bb,5,6,0,0,0
002591_jpg.rf.55d8d5e8f3c5cc268b3b880dec27bd10.jpg,train,ef96e99a66e37099933a74d22d03a9a880aed69fb8e6fe2dd7db3f3b735cd23d,8,8,0,0,0
002622_jpg.rf.717bc68858810d0b9910bc924aed8fc6.jpg,train,5e67aa9176bb2634fded2f21670d65a285068ad2281e70659d3f38b6b15b4c29,6,6,0,0,0
002673_jpg.rf.557dc303a83f3b1e6ae81d8d62e07cbb.jpg,train,a07173fa455b7b8a18b575d8ce074d594168dc6b1db376d97dfe7b6e9f4456aa,5,7,0,0,0
002682_jpg.rf.1e7cbd92042f5246f9303de21e3ad339.jpg,train,5ccd48cbf2d5f9823cbe3c46fecf671f45d679498e796edd0a37d84caf58bcb9,5,6,0,0,0
002697_jpg.rf.cdcb5b5ad8c410524ecc13a0e99c4bbf.jpg,train,114bd852235110e53fffe6e66645e3dfd2bd829620dc32d059b9c54c521af62a,6,12,0,0,0
002726_jpg.rf.6efd221bcb40926c732be012c7920d99.jpg,train,d8fc6adca4361c041bbcc649a71159ce1c73ae5542650ef05a1262da45abe661,7,10,0,0,0
002744_jpg.rf.df99ceb0da38162c1f888b98a69265b2.jpg,test,d9b32d9af25ca02d72a4f7fac410af3fca6b1e7a39528f31c9b2e6b58f0b82dd,3,3,0,0,0
002745_jpg.rf.0fbe1868415069f4a4921f5e8acb2339.jpg,train,1026b4c0e43548b929679213a0cdac08663e894c3087660e658b46ce3a4b2ab8,8,10,0,0,0
002804_jpg.rf.d5758ffafb9c7247995b4090fab8d648.jpg,train,03b7a2b584ff06add70e6f8e3882674a92eb82a028fe5b0690dfe99f0850e033,6,7,0,0,0
002821_jpg.rf.916b29dafb544e4d213c5bf112a36696.jpg,train,5c7c921b5c2b81e5b43ceb5e86b3880f56b4c34eef99011eb380485abcabeed7,3,3,0,0,0
002823_jpg.rf.87cc6857e2b3e13bd466940806cd5439.jpg,train,0d1dba133613176df37f046574fb2614b7f5f09a78c3c640b0cb5bc92355dcc5,4,4,0,0,0
PPE_1330_jpg.rf.2b4e4ac88f4c3d3050d6f82e79afb044.jpg,train,df4f7200eec6a467e0d05e9f5f5a0fe44bb78e330b5de31c12a3ebec6e9b4c4d,2,1,1,2,0
PPE_1331_jpg.rf.4cc67263efd680ec06564b16742399a4.jpg,train,25b14c9195d1dc1fd3ed6fa294ae2524cadd5b2f6c3b9c60f2d272d89813d19d,2,1,1,2,0
PPE_1332_jpg.rf.68c2682bafe4b5d32d64ad6c66fca4cc.jpg,val,818463f0f424cd5959eae9ec87cfe5d8fa1b33c1e422f83d6e7be9792ce16373,1,0,1,1,0
PPE_1333_jpg.rf.a9741371de1275ce7ec61a7ab05908f9.jpg,train,843b2152bc8569fff2232b6653c2bc45b3a16a0536287f38f0ed0d7c8b207cd2,1,0,1,1,0
PPE_1334_jpg.rf.83d01f3ae22d2ee0169c07da84cda139.jpg,test,7a8b63702ab1134a53bf4eaeaff166e79bb0dbe3842755cc8328062edbb126fd,1,0,1,0,1
PPE_1335_jpg.rf.3bdd0ed81f65c44af7211cea69ac7b6c.jpg,train,816d77c98997798c21394248028a05561435fcca14a3d8b00df7e844846b45df,5,0,2,0,0
PPE_1336_jpg.rf.5baf8d43adbe13eb639b15a331841cbb.jpg,train,4f9770f1b8d4e17d90d2ec9f5ef03acfedf927692d19e19dbd65832751128ed8,1,0,1,0,0
PPE_1337_jpg.rf.c811f497b2451bd46162422410564562.jpg,train,cb0a7e3a0504ad32ef1b135703bb976e6d2227a8bac2d15b8a753bde76f14b5f,1,0,1,0,1
PPE_1338_jpg.rf.8cdb90e97511181d8defd8320a44dd86.jpg,train,01f11113fecde1a57ef0f5559256eb60b196a248de995f9b9a38f6d825b1a01b,3,0,4,0,0
PPE_1339_jpg.rf.f21fc0fac58fb33743967e0b186ce600.jpg,train,e03553d7eea1a0d1bc8a7d45f44128037a9d9f89d6e7e82393cc2bb3ea876a71,1,0,1,0,1
PPE_1340_jpg.rf.9fec3207808b82f21e3282eb1c38e3c9.jpg,train,e9e70738eb8c8d759fd53d2fb7a89b9aa2d9ba585cfbf18683fd55abb9236f29,1,0,1,1,1
PPE_1341_jpg.rf.dc3e0b39a5b7f47065f71d0d160a4195.jpg,train,175d40e4660b646eaca0c6f5b98de7edde2c8491f662bee19a17a45e9f539565,1,0,1,1,1
PPE_1342_jpg.rf.7b4d23848c677d6b4f0764e1b36b3df6.jpg,train,44e3483e62e2d132bbcde4e51d72cb58ace1ccca38b1159d68fb9e4cf02a1243,1,0,0,1,0
PPE_1343_jpg.rf.1d567fd39435e09070dec75d0413067a.jpg,train,a83c583e6710e12144addb1595b3d50a094b8ed6cd9a227a4e2c56cdca972f00,1,0,0,1,0
PPE_1344_jpg.rf.3e1bf5edec0fb9dcc48cc501062b4561.jpg,train,1a65facbd59a08f67a1cf7ee3f5118b1733a9edfa9eb5647db553284a6f7a358,1,0,0,1,0
PPE_1345_jpg.rf.4800758658a307f84cd2b4303a72012c.jpg,train,dec046b3d9dd42eef9078cdcaffd5c9492c186d5eddef95ae3a5635c444de845,4,0,3,4,0
PPE_1346_jpg.rf.3824d91d561e751491783ff6092b1d9a.jpg,train,c6a03f6732b4688be22af0a5c369d912ddb4302f6ae3dc9299438519f0ad513c,7,1,6,4,0
PPE_1347_jpg.rf.a9d3fb3d7c877a44d89dbeda91fe5793.jpg,train,a185c62cf46896fb517c31d670a67aa53a48ecc7d440961068f81c4f3ee3a9ca,2,1,1,2,0
PPE_1348_jpg.rf.9c2e8c67244060db595154db6b35e833.jpg,train,cbcaaf456991ec30a524cd0d24bf1a646802783047a4450dde16f412a73e21a5,1,0,0,1,0
PPE_1349_jpg.rf.ea6f3e582f554d5c6036ae5b9551b53d.jpg,test,a01f75bc9a83c1e75129f8d50ce336339292b05902ba9312d446328b72e0a396,1,0,1,1,0
abdul-zreika-pMzlO7xJAd4-unsplash_jpg.rf.6ce4f107e4312c426b9263e56d911a20.jpg,train,14e90768fb220dc3f33bb42350160298e011e1030e9b9b17711fee58795e75e9,3,0,0,0,0
ahsanization-UTO8escGF3M-unsplash_jpg.rf.c0596016eb823f7ef5a9842e365526c4.jpg,test,76ef2b015f3b1c445037185688ca09408d3383ae43214ed8a83283493163da27,1,0,1,1,1
ascel-kadhem-UmN4sJZ7NJg-unsplash_jpg.rf.3e33daa6ac214a3e0a9cb61d33abcaf6.jpg,train,a57375b516a4dd847e15e0a94aeed3042f504f02021a3acdc401bf2f76dfce19,1,0,1,1,1
becca-tapert-tam80nXFvL4-unsplash_jpg.rf.69136ec75b9c0e447819eba0a6dc76b4.jpg,val,ffc6ffdada680c0b66fc445048a98ded08882c3e39916b8e46c23e10f70c6b65,1,0,1,0,0
brady-rogers-qgXqhZflOyM-unsplash_jpg.rf.3d3bb50b545d8fd13bd6ce9a68b59c5a.jpg,train,1e21c218d373e0f87a9d847f11a18bf990bf0d9486109a02bfbdd3a6a17fe4f7,2,0,0,1,0
dave-goudreau-a5-Ciy-yHqE-unsplash_jpg.rf.fc66f4fb84a7aa6aea1dc0fbd9f55004.jpg,train,f02d30b83a1d86c3e21e2a02e7d234fab26b8a99873193a586d2fe5bc5127a1f,2,0,2,2,0
dean-bennett-AacsqS9LUM4-unsplash_jpg.rf.6337b848d1e8ceacc5cd0f66e1cf06eb.jpg,train,7df6748a7334893c87f0cb8e44d7d77648e73ac8df34382ff4665b38f5b3109c,3,0,0,1,0
emmanuel-ikwuegbu-zWOgsj3j0wA-unsplash_jpg.rf.1deb4969f155ecf2826553c142a75399.jpg,train,c5841d613bb2aa8105b015db7871e6f0de755ad6910c60f2d2e4d1ea6e220432,1,0,1,0,0
frank-albrecht-PoH0Xf9ZaYE-unsplash_jpg.rf.aa0b12304d636b602f37049c4935cf6f.jpg,train,1f3973457abdf18fa7ddde6255ffe82dde4f0e54944bd9d74c84b122643feb86,1,0,0,1,0
gabe-pierce-lfzYPUkU5Tg-unsplash_jpg.rf.8b310b96708df6666708cdd938a46934.jpg,train,69a7f47a74e42899431b763ffd9ffb9cc624c95050610a6299b8aacbc9ce8580,3,2,0,0,0
gettyimages-1022282094-612x612_jpg.rf.b76e48ec20fddd13d5c9d8e82592c64e.jpg,train,840e3a86102fc199af6275663875e29c7b44fd95a33c2da68ae48b09066c3878,2,1,0,0,1
gettyimages-103060711-612x612_jpg.rf.d505faa14c8b8009546e9ebee78a1529.jpg,test,3cd7004fd62bb42e0e76b2410368eaad8052e78258630d669c0efc77162f6aec,1,0,1,1,1
gettyimages-1031497370-612x612_jpg.rf.7b7a655e6af58490f8d6ba12497aa1c2.jpg,train,bdcf55ae59ccfbb33e145ff64f09e88f9591ff97a0533e61ad3224dc317b7469,2,0,2,2,0
gettyimages-1036351210-612x612_jpg.rf.2dc1ba309d1294ef3efec8c7163240d1.jpg,train,21f008718db5315c8ebb357358c18e4459f06795e8e3dd8e980a1723ace9a029,1,0,1,0,1
gettyimages-1036354066-612x612_jpg.rf.4fc40d9181b0725eac593786b26ce192.jpg,train,cdfb8d6f036b2e341ee9930a8427ce24e80b86ff29940f07339d7a3c4125fa8d,1,0,1,1,1
gettyimages-1047616456-612x612_jpg.rf.88ff238462bc8b53c073b3402ee194a4.jpg,train,8ed1e673246a0fe351fb15e4787bf4b6cfca686b4854f52da2566c1754728ec3,0,0,1,1,1
gettyimages-1047616916-612x612_jpg.rf.705aecbdac52561931297b23f8f9d2b8.jpg,train,1464684e59603e0bdd690f9bb17d5ab3c20cb3df44c8a73c8b521c833d74361d,1,0,1,1,1
gettyimages-1051092562-612x612_jpg.rf.d798104d7a2c0198fa3ec8256ec99cbc.jpg,train,919b38827886f293ff239778b7e10ede98e17c9cae04d25fb7545bf06cfaf62a,1,1,0,0,1
gettyimages-1054724854-612x612_jpg.rf.856f12570ef47412b9b0423c4810b515.jpg,train,f97403bbde61d7a34a3be5d19d8d67dcc041925b2033844f0c5d73af80484728,1,0,1,0,1
gettyimages-1054724872-612x612_jpg.rf.480d901688acb10a57b41d0c55cd7f0e.jpg,val,a7c6c3fa7c5f29c41d34af390bfc2e9bb3165518721e00ccf603d3f89191a4b2,1,0,1,0,1
gettyimages-1057690916-612x612_jpg.rf.5972d9381a192c5f7ba386a22e70b181.jpg,train,717fe0c4db8e90cc7066edc6c940e9bac1141eeb8b1aee40cd41692d94382793,1,1,0,0,1
gettyimages-1063713406-612x612_jpg.rf.46d195ee522477895d2b8e959642e967.jpg,train,90cec718ee8da2af17abd76227265998c24dcfe187aa444e1decf766f2fbfd57,1,0,1,1,1
gettyimages-106598600-612x612_jpg.rf.d51bce756677ac95c11c83b43136793b.jpg,train,480d6f7d962dd4e65ce1b842f0f7e509ec4824a54f0458bed40d2bf4734a50b5,1,0,0,1,1
gettyimages-1068683262-612x612_jpg.rf.e79c417c8c44dd6ebaa1c676ee60f537.jpg,train,a01791d9023998e4758d7bd3229bd035e111c3555b441f41361772dc06b1879c,1,0,1,1,0
gettyimages-1077653290-612x612_jpg.rf.79fd27b2efb48cda077bd0a1df06b38a.jpg,train,359bb35493903b4812b5390fe2412f35e80d3f6361d676d958fa14ce3f76bf0c,3,0,3,0,4
gettyimages-1089407708-612x612_jpg.rf.4e28bc164dd671f461fed20ce0f5b692.jpg,train,01e4721cd748f9d185051ba616c7e32f311c0efec3683234e7ce6c3affa49435,3,0,4,4,1
gettyimages-1125449233-612x612_jpg.rf.3decd8f4e9f44e065d19a6e30f8c3290.jpg,val,d218669128e374943d41052491a3e742ff2d053d0b6db9f3aa7b7ea795c495b6,2,0,2,2,2
gettyimages-1125449321-612x612_jpg.rf.3389b9854e76b4e92d6f14e167ea70e6.jpg,train,99fe375975dc911ff1d3b42c9db67d46ed0d7614b0ed0e8948406f52d3b38d85,1,0,1,1,1
gettyimages-1127796623-612x612_jpg.rf.0150e4e49ee0389655775b9cc842a552.jpg,train,c69106f1c9aa30fd349fb7e0702d5de601b0916fa06dc7e42c2d41ae735fd825,2,0,2,2,2
gettyimages-1128758749-612x612_jpg.rf.9601ddc37dd20d9477be52086fb630df.jpg,train,de363a6f33ca466079abd4b607dea68d0f0a21f13fdf77fd326681ad24c012e6,2,0,2,0,2
gettyimages-1130648954-612x612_jpg.rf.4b1c87a2cce348fb097c4ff68fd76831.jpg,test,1fc713426f8b6fcdb70fe7c55548b032d7691a99df3eac96fc7f8ac527f792ee,1,1,0,0,1
gettyimages-113190011-612x612_jpg.rf.2504acee408949f6c26f13287ef035c3.jpg,train,c4b2fa01cc012a1a531724f81ab63a9479f715edee0cc0f4900d4398ee1d20b8,1,1,0,0,1
gettyimages-1132977544-612x612--1-_jpg.rf.bc8e901cc68122ad18006a07301d3f73.jpg,train,e9d7f141683a5f9a4ed2b23fe51d06b859be716f68d8a2fda6b8d4ff3c806875,1,0,1,0,1
gettyimages-1136223719-612x612_jpg.rf.7642de5b712de34195fa78dbff3a7092.jpg,train,a26af3f44de0c63b1b640e7d5736d75e006470a039534e5a74a344334b60d9ad,3,0,3,0,3
gettyimages-1138496824-612x612_jpg.rf.2828c059af2021d5c8fd30601c663347.jpg,train,319aba1ac7c57f2d888a5446d3e066860ed693f72259462569865b57a8d0d818,1,1,0,0,1
gettyimages-1139562244-612x612_jpg.rf.2162a46c21ad9e7a8574d2357cde8b06.jpg,val,100da72e5b6c60f2411e404cde11a084809728a56b15d0de57c6f6eda2f9ef77,1,0,1,1,1
gettyimages-1139562309-612x612--1-_jpg.rf.20eaced4e2f398a3f73c0d91ff361261.jpg,train,1f0970d611d7ee16313085a3df9c6bea25dd91bc159675d614a60fcef5a85e0f,3,0,3,3,3
gettyimages-1139562484-612x612_jpg.rf.5a81b86222d040f84e8ab1842b93a5c6.jpg,train,8d3c8cef41bf250f5dbc8bc48f16c3c13c1cb555944360d2a409bbcc5201f9f8,1,0,1,1,1
gettyimages-1146259213-612x612_jpg.rf.8f4c4835fd0b6ea7800572afce1bc74a.jpg,test,183df3f6f2bfa3ccad20e1c1af7f745c86a5c366ca9d9a0c447ea921e9121999,1,0,1,1,1
gettyimages-1149773310-612x612_jpg.rf.93b7ad6eed52195cb59524bdb95cf81d.jpg,train,e96218fee4d8444e499d55bd5d1e14b6ee06b6e712f551d78057a268b3c89a6d,1,0,0,0,1
gettyimages-1158528173-612x612_jpg.rf.62c5d7e2941a2290bb147f8a033e2f62.jpg,train,a22a52e8a5705cf7f8d0f480006178b539411b3384c5290d04ea0d457839e98c,2,0,2,2,0
gettyimages-1158625840-612x612_jpg.rf.f284cec54a40bc6dd444864e3fe6f297.jpg,train,51608541fb661b242ddea6c8642c91a5052394c7a6fd11025dcd5a18d1f95270,1,0,1,1,1
gettyimages-1158830293-612x612_jpg.rf.00d18122621244be4616bde851b65685.jpg,train,9e04f17c471f6ff312b18b913af50f6abe2bf0af5f0bb6cad4dfcc579a84ea14,4,3,0,0,1
gettyimages-1158885821-612x612_jpg.rf.aae8ab97331dc707143341add633c8ec.jpg,train,404fe74b9b22c0517318b0fa2f547f9ace0067e20a11ce48227446c7cdfd4a1d,13,0,9,0,0
gettyimages-1161136229-612x612_jpg.rf.6a70a7d41aeebd48cb1f937f2905a9b9.jpg,train,43143b6f091a5b40aea37e9714ccd773261bb279e919a9b1dc03648b2c55958b,1,1,0,0,1
gettyimages-1171238090-612x612_jpg.rf.31f590772f5cb85574dffe39a0ec33f0.jpg,val,478f8c55a40d18c20052b67bccdb0b41121473cad247fd4cd269d0db0de07633,2,0,2,0,1
gettyimages-1171238261-612x612_jpg.rf.16d53a7a3970429e447202628eb15f59.jpg,train,c54d4b7cdc76421c82b3c0d470d7358c55e9202d58e82772d16bff66bd0ab3a5,1,0,1,1,1
gettyimages-1171238866-612x612_jpg.rf.edaf59c4e34e05a2d14ed293172594e4.jpg,val,e1fd2f0374b64da8201ff267be6bde5c8236206158a2154129cc07c618ce7473,3,0,3,3,3
gettyimages-1171239675-612x612_jpg.rf.97624d5088501b24b02c608c7112b575.jpg,test,b94f91840f07550ff2a68a3ba5c9578f6cbf208000327f8bfb746de4ab0dd806,2,0,1,2,2
gettyimages-1171239762-612x612_jpg.rf.e7fd08e89373a9eb84f58ca13e7cb435.jpg,train,17887595de10227e801391d3a5c399c12fc3bf933d2cb3d511ccf3b2325321de,2,0,2,2,2
gettyimages-1171239816-612x612_jpg.rf.0afbe96177941e8cd1f15cf7075056cc.jpg,train,23bb8c6e56d35a269dd7c73c498f209acf620904245549acdd5ca363f179d157,1,0,1,1,1
gettyimages-1171239844-612x612_jpg.rf.4caed3bb354d59827832d2cd5d851a30.jpg,train,63b8907cc75a8aa8e65e8e41ac41e53be278bf5ff77a3a1adb0fb92966948c94,2,0,2,2,0
gettyimages-1171239866-612x612_jpg.rf.aa0f3ad19c5b50700323a7fb6a37e79a.jpg,train,d738dd1ba103a6baf545062c22e8c7ea50a7c8e760aa2913838e77a8442917e9,3,0,2,3,4
gettyimages-117195356-612x612_jpg.rf.9b69f11be5bf8de93b46c0b88c0a6726.jpg,train,1614548f4cd5115f61c525bb4fc8dbbffdd2e66140f506acfcf273fdc2e54fba,2,0,2,2,0
gettyimages-1176022159-612x612_jpg.rf.69d0751dc0889f71f33baad0e577f5eb.jpg,val,20c9ded7438ad343aab4d14d6a668b64d101f40a5dfc4ff731adefd6ce267d75,3,0,3,3,2
gettyimages-1177326209-612x612_jpg.rf.708a993bdb77e5549b333139ceb20189.jpg,train,e3c6abd69d7be5aeba5158c5ece6b56e714556cd2e4cd776784ec744109c3ae9,6,0,3,6,0
gettyimages-1178161796-612x612_jpg.rf.844f44f8aac637e762e50e71dc67d60d.jpg,train,7fa32b56edf28be90a6a8ecf10c343f414592b87b7699c59777a27ea54a52401,1,0,1,1,1
gettyimages-1180177282-612x612_jpg.rf.415afe1caf9cd6c4bd4c705cd704bb16.jpg,train,fe44915d1619ac38f5d92d15e7dd8871d4cf6d57d6c67fac6dd1117ad10c3166,1,0,2,2,2
gettyimages-1184220846-612x612_jpg.rf.15d5c5cf53c9dcd984e186b9bdb26778.jpg,train,ea5f32efcbb21a32fb85f88acce46d036b99833aae5a3485b9e7e3f8df0d34db,1,0,2,2,2
gettyimages-1186091819-612x612_jpg.rf.91ee16709e0acd554ce52f4b56c4d203.jpg,train,9e326e5a2b6fb24aa075ca1045d28866481e5c117324f5f2da7e59c9f6e10d08,2,2,0,0,2
gettyimages-1192041431-612x612_jpg.rf.d0fa88689cd38686f26ec3399e22aa0f.jpg,train,b12ba7bcd01bc96598522dc4e733c157e6a0ce89a93e907f700e5bbbc27774e5,2,0,1,2,0
gettyimages-1192886208-612x612_jpg.rf.237028908acd60ac666faecf49089eb3.jpg,train,260e197f6dba2293e347d161d5bc1fd397a45211fd646ef7243c7b2c4188ebb1,1,0,1,1,1
gettyimages-1192886240-612x612_jpg.rf.36db3567078482cb46987f9d65ff9754.jpg,train,65d7a3e4918e80e814029669df46e7dabb9779f5e1decea368c99a70acd15d4b,3,0,2,3,2
gettyimages-1194454913-612x612_jpg.rf.e5412f95178559b30c51d33d87985e4c.jpg,train,630587b29b16df53bf980dfdbb15264aab2555dd1a3fe6fb4bac3a10b37d3e85,2,2,1,2,0
gettyimages-1194454929-612x612_jpg.rf.757fe59f56d77d0eaae352763ed0ff71.jpg,train,438b53a9d31a92140c664dda23bac173e390d479712d2d2761acd05b4336598e,2,0,2,2,0
gettyimages-1199107648-612x612_jpg.rf.24c377414c0c5073ff3e1d0de27f8384.jpg,train,adcf4a010f0367f6dbd447799792e644ee5d7c5154e401d7f668fb8596812735,3,0,1,3,3
gettyimages-1199107650-612x612_jpg.rf.16d205d5dda7ff17e2584feeb5ae74cd.jpg,val,e48d98022afb6ca2438e0adcfd514acc26abbd30058d35e7b538ada256cb80c5,2,0,2,2,2
gettyimages-1199683614-612x612_jpg.rf.75c0d4fc01131cd0fe115cdd3779f986.jpg,train,58d78806224eeb0816819ee93db99d9bc5119dc243635787aa0280cc3a34da80,2,0,0,2,0
gettyimages-1202320842-612x612_jpg.rf.32b0fbb3dd5315817d6ade3f5a596ded.jpg,train,270bbd15d483f0b232393b5614e5d2c41f7a293c4247492fc11ad426626c3a9d,1,0,1,0,1
gettyimages-1202382180-612x612_jpg.rf.98e992ac6701b10835adb35a7343d913.jpg,train,45e16f8e5331d00ea143bc44393ee0d6d3c7cb2140c80bd3ed51726ddf6dffd6,1,0,1,1,1
gettyimages-1202382213-612x612--1-_jpg.rf.0bd0a98c7977c9c9c196467f2a888120.jpg,train,0ad75eb6e388b7f2cc2682313fef957234ba2bba2205f947a6c75e393a0744a1,2,0,2,2,2
gettyimages-1202383030-612x612_jpg.rf.65b9c7de0cf68ad352c5e88aeab1c6f3.jpg,train,69f1e620f3dc0eb8a837f25d4f2d19130be7ab256c6b637008763b6f5f13ac31,4,0,3,4,2
gettyimages-1202383097-612x612_jpg.rf.99575cf505e7d84dba4e79932509257c.jpg,val,6d375fa080c0a214c60d91f61430591533a822cf606e3900f3b68d77c9fd8360,4,0,4,4,4
gettyimages-1206539590-612x612_jpg.rf.3409c29c43db39615edf58a33dcf3ec0.jpg,train,79f1913f51cbf2c8bdad3e415de69f4176de56bb3770a8541fcd121740f7a593,3,0,2,1,3
gettyimages-1207298404-612x612_jpg.rf.f5e58e76c7dd55fe8f3ebe56776e4b19.jpg,test,449b626112a71e75f733c17f536d3dd50c87435dac6c5bc880a403f6652936ea,1,0,1,1,1
gettyimages-1207552113-612x612_jpg.rf.a6eb9f3d24bfe4351b997d2dee24925d.jpg,train,4a50aaab07d176483c621c19239e92c36643ed34b6913e5366d721db49faa78a,1,0,1,1,1
gettyimages-1211080562-612x612_jpg.rf.8f5171ee440e359d00bb35136f0e28ac.jpg,train,4e74b78eb05d12cf72fa6b0bcabe63e374d5bfd589053eb17446cea5cd0c3fe6,2,2,0,2,2
gettyimages-1219457463-612x612_jpg.rf.fedea0859a3500ebdd17b144c47c0383.jpg,train,8800d297494c73df368c95d4ea3ae0f4258aec3a25b75bddccaea82e8b4fca26,1,0,1,1,1
gettyimages-1219457526-612x612_jpg.rf.27b942397d322204bf185f8739b9623b.jpg,train,e5df704edda6118186384c771e25e63e69d32185e5c570456690e9fdab2d6657,7,0,7,4,0
gettyimages-1227374002-612x612_jpg.rf.d2eccb52ced690a39118c7a5b5f53c69.jpg,train,5c7a27db7d24921d4ba60dbe74478640cd229635cdf9f204743f129a519301ba,2,0,2,2,0
gettyimages-1270689288-612x612--1-_jpg.rf.1f36276f4907103265eb2e0328a9b6ff.jpg,train,b82c5f3e3fa22505511c273a545e4705722b8d2ed7fe2906e5c628f67c8a58d5,3,0,3,3,3
gettyimages-1270690373-612x612_jpg.rf.b82d3a557dce989ce65b759b069db774.jpg,test,d8abfb79097ebadf81d7621ae10b4e3218529285e4198cac2ac9b4a8d1a73b1c,1,1,0,0,1
gettyimages-1282534476-612x612_jpg.rf.a21160dbbb68240ee1a1b7c185af2eeb.jpg,train,5fff6f6cbcbddd758ccd48da7cafee92f7467c2e86eb531e1acca5c8b73c37eb,2,0,1,2,1
gettyimages-1297235299-612x612_jpg.rf.9f9bbd5a67462f4bd4216bf07108231f.jpg,train,9618d95531a0e51f81a527932146fe535c7ea96f30f1d4adc561f0f743caa9e0,1,0,1,0,0
gettyimages-1297258795-612x612_jpg.rf.467b7fa65003fec4d2b74976bb8d7e9d.jpg,train,05ad43cc80e034d705408fce14a5f667e08cdb80123af1b3e7954c3cad7244c7,2,0,2,0,1
gettyimages-1297382944-612x612_jpg.rf.3119c9abd361108aa64f76d3654c6cd7.jpg,train,7ce0b3ba4932ae0ee71bf0c41bf9e1f8847f5dad22284d14fd2732eb9a768a5c,1,0,0,0,1
gettyimages-1298565577-612x612_jpg.rf.88e0b5f8076e41529835282d27a35736.jpg,train,939f7bccdf9185c256257e9934853f38a112042519d273a1a45af33e76b6aeff,2,0,2,2,0
gettyimages-129944508-612x612_jpg.rf.fc5d33a381c061f98c934eca7244c392.jpg,train,24dcee6927b8941cb9325a2a0d580ca50d485a686c828ff9e35a0a8adddbdfad,1,0,1,1,1
gettyimages-129944533-612x612_jpg.rf.ad952fbb6ad3a9d92690f9174791277d.jpg,train,418f3122233b300b1cf9e062bbae6da3bc8a3782f30f44db42326a88b73105ae,2,0,2,1,2
gettyimages-1302229856-612x612_jpg.rf.1cb49397d36462dea0f7a7770ecb1a9e.jpg,train,09efa4bf6757a9be06584b1e6ada09610f4ae5aff8e46be483c0adf8d7975f97,2,2,0,0,2
gettyimages-1309473555-612x612_jpg.rf.ddb71223d709c776ddf103f2e2859a16.jpg,train,71b43b69fd117c752aede9ca3cd7f38fd152844661387623eb9670a78e814d38,1,1,0,1,1
gettyimages-149319752-612x612_jpg.rf.c36b4573f612aa0333260896a7060814.jpg,train,24afff24c0d4f943fc9dc7567d0cf155d36e408dfb5e1d5cb1db13562be58fba,3,0,3,1,3
gettyimages-149319780-612x612_jpg.rf.bce3b635cc5903f4aad4e0376e44693c.jpg,train,203811e1060f5c8be46fe76ca47d5fc8a8b00e12114eb1a5d69e664322e29758,1,0,1,0,1
gettyimages-149319837-612x612_jpg.rf.2f65103350e5765b1e803babf2f2067e.jpg,val,bcc5f424184b71540f3d6d44b9e27cc4f09d87de5894bdc46d3b36562f91e6ad,2,0,0,0,0
gettyimages-149319914-612x612_jpg.rf.fabbe48096c271fa7779b0e2e87078b8.jpg,train,f348b86b149d5750b27925715d6f6c1bf24e3f8d23dce8f22d44ff410e1a416c,1,0,1,0,2
gettyimages-149319933-612x612_jpg.rf.ac391559fabd78f887f37cf57fc8e7b9.jpg,test,3e94a2c1cbd71296ea32c143ec3135aeaf740c3d625c78f3783009c3a6683e13,1,0,1,0,1
gettyimages-149320119-612x612_jpg.rf.a60982df8fc90d742c4709b5a0ade4a4.jpg,train,0f07a4eb5a38bbdeae0df5bc02fbe72ab8ba36ad68bc50f3b96faffa3f971582,4,0,3,1,1
gettyimages-150817922-612x612_jpg.rf.14947140c5cf01e1a27728a3036268ae.jpg,val,b23a62cd55706481f39bd79190eecba92eadbb774723628bb6653ed508625189,1,0,1,1,0
gettyimages-155161782-612x612_jpg.rf.f3c9bb06f17b3548911641726314e258.jpg,train,fedbf27168a92f9b4446ca45ebefcab0496db436c9d81e0fe2d58e2178f3e2ae,2,0,2,2,1
gettyimages-155376922-612x612_jpg.rf.7c2b9cf2db4841ab7824e8c1173b633f.jpg,train,9d88aebad66217e9fa90eef4f9ed00626d813e9aea5f679e91c46c0e7cebc2d0,2,0,2,0,2
gettyimages-158926826-612x612_jpg.rf.75a3d434fda3d8def538abe6269f71ed.jpg,train,fc3d466de90e71697d7023189d746292cabf6d47c05d6fde5463c02e78b091ce,4,0,1,5,1
gettyimages-166018155-612x612_jpg.rf.2f20e7c0caa2f2d8bd983fb8faf48492.jpg,train,7b240542d3acc7462f05cf9b2e5223a4755e28ecd55810fe03eba8c5241740f6,1,1,0,0,1
gettyimages-169991073-612x612_jpg.rf.9358ce794e55a1f4514210c7dd909e53.jpg,train,795566708fb15cda23bc65859460daff7745a9a066f770288e99b44a59103662,2,0,2,0,2
gettyimages-170094870-612x612_jpg.rf.1daa66f3da8d03da7d5868f0e5400804.jpg,train,2665a4c0cf26342e0b55dfc51b3858b16cef392e89c209b73487cc0e2f624254,2,0,2,2,1
gettyimages-170096500-612x612--1-_jpg.rf.cd20ef336689148b2b010351734f2f9e.jpg,train,940ae6bbdbf432ebec57be008c1c70dd1b626e398a94f01df500a15adf564cea,2,0,2,2,2
gettyimages-170222450-612x612_jpg.rf.2f733befde80e3363073175005d9cddc.jpg,test,adc64966cfb62ceab361b8d99052e90722981fabd06eab4231716a34b16cd881,3,0,4,0,3
gettyimages-170961881-612x612_jpg.rf.7c05c06ca03bca143fe5d7cc8e47af9b.jpg,train,32d1f6121cb4b6484b6c3a0b7c59c1c7a8850978738282588c982f8a758dc117,2,0,1,2,0
gettyimages-171271107-612x612_jpg.rf.fefe2311cf0b64a7840a0ee213a3c42b.jpg,train,d91778591144c4feda411dee4195b076ff77652d1fa3b63fad93d144396f3a72,1,0,0,0,1
gettyimages-171324785-612x612_jpg.rf.3dcb287befacebb530026d2dd6d8c5f3.jpg,test,b6f508db643a5b5f1b0f627fce4d3c2eedf09c38cce2990f0fedaf9712d04f98,2,0,2,0,2
gettyimages-173416985-612x612--1-_jpg.rf.f57f59cd7424f2082754a63069065670.jpg,train,c16865a732786ed0808b02872828d455738b9ee877f2009ed90755af14643758,1,0,1,0,1
gettyimages-174851080-612x612--1-_jpg.rf.226011d74864dc22f8263047e575cd04.jpg,train,a7a55f407914efa843847f2ccd87de35e99e4cb0a0ecc673785df52940f4992f,1,0,1,0,1
gettyimages-175393092-612x612_jpg.rf.3c11e9d1b5546238101201c17c6c71df.jpg,train,90a53831b4339aa24b23e57649300ba740324a80d83b8149a45ea642db67b6d7,4,0,3,0,4
gettyimages-175423263-612x612_jpg.rf.af9616fe8c12a3e0ca301eb00141b6d5.jpg,val,5f0474f35a193f43115b93dfb338b53f662c17710408a73b94ddba70f0871fe7,1,0,1,2,1
gettyimages-175444699-612x612_jpg.rf.95b32fa571c5e6c288d3a40be95cc4f6.jpg,train,fbf70a7bbf4105aee7e052f69f7f0084690c5956038c0a1b67c1e8279a0fde7a,4,0,4,0,4
gettyimages-181215613-612x612_jpg.rf.433f1913b1293d3cc05bf18fdb5707e1.jpg,train,a34cb03fdb5cf4b6d29f7fafa82350203a6727fc4947f1037b343de183b41597,2,0,2,2,2
gettyimages-183814118-612x612_jpg.rf.885f5ff84859c0e29d83ca52012f373a.jpg,train,f116c58e420f4cd1282b3e4074307cb7cede5beecd68771c23b2e7e9a563fe4a,4,0,4,0,4
gettyimages-183820710-612x612_jpg.rf.5393153289b99a24c41cc91349c16542.jpg,train,cd29a877c6a154fc39e876008b583e4ff9e2cf0344b1cd41d7ced2620d24f080,1,0,1,0,1
gettyimages-183834232-612x612_jpg.rf.30e4e9da328d774ed5e39f6a816a7746.jpg,train,a36165a96c54da25417c5d2c76bf1c9331f4b5bee7f15131f9736bab7f1a14ef,1,0,1,0,1
gettyimages-183857220-612x612_jpg.rf.feffdda59787742d0f4962e04b53caf2.jpg,train,414667291845ffbd1a54f90b794ad2eb224c0218ccde3032b8ba12acd9f79229,4,0,4,0,4
gettyimages-183862676-612x612_jpg.rf.10bcde12b0187905b1174495cdf986a6.jpg,train,b60e60c6b5b3d776df255dafd0a302acbe3e86e6aaaa2f65183ac297ce3d3c00,2,0,2,2,0
gettyimages-183868757-612x612_jpg.rf.9b7be95b6c1b5ac64e43334f82ed5a2e.jpg,test,56280f2e2e129b207348a44d6aca53d2de346b7d7100fd0debb2946cd18e7609,3,0,3,0,3
gettyimages-183885572-612x612_jpg.rf.2edd1ac2f9123440f95ee58a33216d64.jpg,test,015c10d76de7c6271ce40f1d812263b3ee0e8e0c428d98f614072b0173aadd1a,1,0,1,0,1
gettyimages-183885838-612x612_jpg.rf.2df766b6d8f249dc14d62e945fdd04c0.jpg,train,045238ee47d8f041f461e024a083e20e63ef8fc5280384b7225af4f1687fb4a1,3,0,4,0,4
gettyimages-184110165-612x612_jpg.rf.31d2ba4403377e7575efc93379c4779a.jpg,train,e8edb92c27070c9c109183416de2fd65c8cfdc282ed9dcb9ff4e550c59214d07,1,0,1,0,1
gettyimages-184286825-612x612_jpg.rf.79980905902dc4954da6ac549ea612f2.jpg,train,c3be6a5a2053f7aaba263c793f2c525275eecc2ab403ecf7388f74fcba4c43b9,3,0,3,0,3
gettyimages-184334080-612x612_jpg.rf.6c76489ef2b593a3281122826aeb899b.jpg,train,225d048c27937a471ee488abc03f269dd0624f7b079fc72b312821e99ca10306,2,0,2,0,2
gettyimages-184621443-612x612_jpg.rf.a8a668a6aab40c7f0d248fda7f591dfb.jpg,train,86c49c6290e0a27c9b4e3521de9fc42828eee51941aef7b8bdfdb073824b18db,1,0,1,1,1
gettyimages-184625810-612x612_jpg.rf.cdcad4934b56f655fcb3f40255587d20.jpg,val,a382413df8fd12d889249682a89e6d117ed486a2aca934595c767fc53ee3128c,1,0,1,1,1
gettyimages-184643743-612x612_jpg.rf.203b060d90d0690055b2bc71ce0360e6.jpg,train,d0c6709bbb54f2f5e530197c0d8c0a21cf0980d32ff8ab07435d924b58720089,1,0,1,0,1
gettyimages-184649772-612x612_jpg.rf.5b26a9c4457f19e44f110e18641fd4e5.jpg,train,46d9124b7a3c285c4fc42b881531a7b4dd7a8270fdc36968852937b98f3d6c14,1,0,1,0,1
gettyimages-184850012-612x612_jpg.rf.a8eba3e77f4e6f3fbb30a9c73341330c.jpg,train,a0595fcacba2e3504c938ed883273c53c65cc4919c1d9f242849d8858b4ed2a2,2,0,2,2,0
gettyimages-185071239-612x612_jpg.rf.dcbbb2e1b2e20c70536a1d9b94afd348.jpg,train,b02ad39a86519ae59b0ec23e5266ecee64121a6e7a3f0d6b16aef33cda24ad07,4,0,5,0,4
gettyimages-185118859-612x612_jpg.rf.1e9aadc023b2cd485b8a5a44a48b915a.jpg,val,588a7c25f53f5593bf95ed6c36f05a8256c8886cc952b4f4a2f44a3e505777c7,2,0,2,0,2
gettyimages-185275156-612x612_jpg.rf.979c5a9c06e1224dad09e6c3fc43b244.jpg,train,a4dde926039bf15f0955fd4bdf155d4bd934f24ddadd150ca594b898c58c7532,4,2,2,3,0
gettyimages-186813006-612x612_jpg.rf.9d173f32268f44034a2eb2fc76630d7b.jpg,train,3b93dc05bc79dea924c743d94e4892cf8c2fbedaa7e65f8b67ab285be1bf119e,1,0,1,0,1
gettyimages-187139559-612x612_jpg.rf.e2aab54e6dd8e31be963e7f834978429.jpg,train,2264233fc74be2900b9d60be6a710c5ffb3ffa6575377fa2dac23d62fb583c86,5,0,5,5,4
gettyimages-200434654-001-612x612_jpg.rf.898d73a2b5a29d8e15fd07273b00c04f.jpg,train,98f4cafb9ee977f7d4e97fb1c9a1840a7e72c6d128eecc23a047b6c7898f54d5,1,0,0,0,1
gettyimages-450208057-612x612_jpg.rf.fbd1192cea98698f2f793c99d882d09a.jpg,train,b9292cfab02350ebd854ed500814876266ae8e0823287c129d3414c5effb2409,1,0,1,0,1
gettyimages-471888223-612x612_jpg.rf.6ba0a546f3c74089cc8053e600d7ecaf.jpg,train,f954b9ef8f735f6699d7c7e666fa5ea7b878bed26e25a266a8418aef8f485885,1,0,1,0,1
gettyimages-471909571-612x612_jpg.rf.82a194818bd2429a4e9b339e3da2c2bd.jpg,train,47f54526b1fb8955f82ba50ab8efeea892f906f368063cab7ed3f179262a6b0d,1,0,1,0,1
gettyimages-475144408-612x612_jpg.rf.91f48ee98da66e54afe85ba31a426fa3.jpg,val,9fdd113d501e4c6821a50264f28993cbcf7b2de846d38af48d4a9332121a7677,1,0,1,1,1
gettyimages-475485920-612x612_jpg.rf.ec8be521df59bf02cf4f62e88c3d2cf9.jpg,train,27c5427a99ed409e11bc39080bcd5bb3967dd2a7fa89a18e5d3a7ed9fc52d1f4,1,0,1,1,1
gettyimages-477819050-612x612_jpg.rf.0e7b90ca4c290d3a4271858ad11b788b.jpg,train,43dd5407143849fb97fe0b10faf96a89718407ee74cbe3f75cb7a1229213e5f0,1,0,2,2,0
gettyimages-485317420-612x612_jpg.rf.431cd11686675c40437d8f8248bba740.jpg,val,1803b97425da049d1134a1612e4df2756a8acac890cf2786ea2e7387f1c060b9,1,1,0,0,1
gettyimages-485445470-612x612_jpg.rf.f90d87ab0629e052e182430cef1194e7.jpg,train,b4a1a3990df06c25e6e2a9256c460f108f4844e03aa5a5177df395848ee94bf0,1,0,1,1,0
gettyimages-490340124-612x612--1-_jpg.rf.b3c591181f0af1cfac735ca37ac16371.jpg,train,8602bc606c2e6019fef6dc4c20085d4440c88410ff4a32410cfcbc6f505cd10f,1,0,1,1,1
gettyimages-491563132-612x612--1-_jpg.rf.9e523fa5a15699aa531930781733b4fb.jpg,val,377c3376f17b18bca5f2ce34c2d1490be1e58a21adfe745849c1aee8a8beac92,1,0,0,1,1
gettyimages-491669108-612x612_jpg.rf.74ca77ae8f821db3d8bab7102c5462b2.jpg,train,0f1cc01e63293ee41c48a2aebce6f188ebd15fab4311d7445700b1f06b875ff3,2,2,0,0,1
gettyimages-492893234-612x612_jpg.rf.d1764e4798d5c660aeaafd26df877eaf.jpg,train,ec4fa3b1004b9af031b45e0ff611579895d53e62d856785597a070f601b33032,3,0,3,3,1
gettyimages-501818498-612x612_jpg.rf.6b30e3725629fac3e3e6d66e83e8f0fb.jpg,train,522b046113d32d1937f052a321ef8141d05ed133885129d502291cb3582e92fc,1,0,1,1,1
gettyimages-503847237-612x612_jpg.rf.5336f10bafd042e731331154fa267dcd.jpg,train,e14b9d6aa3242f470e0a35d8d00adf748f3e17761fb42f75f9b0b261fab12f1c,1,0,0,0,1
gettyimages-506473594-612x612_jpg.rf.fd0b5a2029d5e7b18ba094eb2b27e6b5.jpg,test,c689d650ffd69cd940fdc380af16c29e259e947f60a3217f21b3f8d86335a0f7,1,1,0,0,1
gettyimages-508121305-612x612_jpg.rf.32c93688c831fb2ec6eb00b575a3a4c3.jpg,train,77f9182dbf17479a60b5fc7903ba02349f9e36bf177b7a3a988e7879fa8877dd,1,1,0,0,1
gettyimages-508121319-612x612_jpg.rf.b811298f94df2b3d436ce7992d09e850.jpg,train,13e96f6388057d7d9fa626727dafab0b60d02dcd229939b7d3749af288171176,2,2,0,0,2
gettyimages-508884224-612x612_jpg.rf.3e9080d95ee82d4d7e5e93ece1b2ac7a.jpg,train,748eac3b643c2174cd2b20fab02d7fb7c176915549a61e1ce1dd6cfe16d389a0,2,0,1,1,1
gettyimages-508884534-612x612_jpg.rf.20803ab0b3c4dcf11dca46bacb64d0a9.jpg,train,b911a75e5b0a4bfc5eac026987b564b0987001e4d18eb8213a8545cab170cdc1,1,0,0,1,1
gettyimages-509029388-612x612_jpg.rf.c53082d39dd379728d35a116efcef2a3.jpg,train,29c0e21f241cd069b2637b703c9110260cd8b7bc799ee8a1c9ba9b36a5ddeb9b,3,0,3,1,2
gettyimages-513165235-612x612_jpg.rf.336292604da713c1a7508f5e809f6f6d.jpg,test,a9e0c165c9b629188c21113444379f8abd30afd184d0f3bf081b7425361f0760,1,0,1,1,1
gettyimages-514366692-612x612_jpg.rf.5622dc480a35174e664c87d935d537e3.jpg,train,4f496ef41773db2edecf673bd40a12a810cf1c1e74527cf8aeb2be8662d979d9,1,0,1,1,1
gettyimages-516012290-612x612_jpg.rf.52e197e4dbecf56f41ba1b258eb23118.jpg,train,88fd45513ddaf336fe62fc7ec850c64e69923024f862630ac6330a584ddeae19,1,1,0,0,1
gettyimages-521980633-612x612_jpg.rf.4fb632f805ff88c56b923002b602f0ca.jpg,train,ca3a9b031241372394ed9f76142c54ccc2b08bdfa11355e4560f6409b7cb1788,1,0,1,1,0
gettyimages-522473596-612x612_jpg.rf.d18d874549cd6770cacadabfb54271f6.jpg,val,b7385a0eebb47c649cea408f35cef9617ef97b3820024db11416293d45d68952,3,2,0,0,3
gettyimages-523072550-612x612_jpg.rf.65af0666a126fd27c64a86119f4c7e86.jpg,test,6298b65bab9f36f2fc89d34ae5e33d1f784312ba8c5ba1dc9a3341e15dc18e05,2,0,1,0,1
gettyimages-525233196-612x612_jpg.rf.cf38913ec6e14aa721beb707b1e20fa1.jpg,train,4e8ce9f6b0b615b57deb9377bc78422f66dc7b4abd72ca42d85db83d16239467,2,0,2,1,2
gettyimages-527894048-612x612_jpg.rf.dbc16bcde8a0e3af5bc8dc95edae8c00.jpg,train,fca8807268419a5d812d17b9e464a6113e6759b5d425e7e4cfd9611ee35e2850,1,1,1,1,2
gettyimages-531611974-612x612--1-_jpg.rf.98f6f55dcf8ed24287478444525ab521.jpg,test,eef82d7389715c215dc97ca3ef7d7d550aa60916403944cb5cdd08d9786d59b2,4,0,2,0,1
gettyimages-535538393-612x612_jpg.rf.210ddaaaeac7040c470a20df147de17a.jpg,train,e0273de231ff5391528d22426e870a94251f2aeb558f6d50401750b2ed3ba53d,2,0,1,1,1
gettyimages-551349477-612x612_jpg.rf.7e386d2fe912ed0a23ec50333ec22e2c.jpg,train,f0c2fcac46e46677c0abc2efc34d96ab522a56d4a02257f293b926715d7f3bbd,3,0,1,3,0
gettyimages-551349565-612x612_jpg.rf.b91586fb0d56071a1d217c8c69741ad2.jpg,train,f582247385a490fc8ded6f561573d8b273de21a3af445bbb20da20dee5a7cea8,3,0,3,3,0
gettyimages-556418757-612x612_jpg.rf.1c0189bd82d1b7239bfebc1c5e7d4f9a.jpg,train,73130af368d1d15b325456b7a37a036bb5f4dc53a922567249c187d0911869fa,1,0,1,1,0
gettyimages-577941464-612x612_jpg.rf.9bc6169ed072e83edae50c64808432f6.jpg,train,7900159feb71465709fa81b988103b222412a9d7cca328dd1d65fd5446fb8310,1,0,0,0,1
gettyimages-597261676-612x612_jpg.rf.9010e1d9c2019ad9500928c41c7741b9.jpg,train,97652817030d436fb6a29c341f81f433494726b3a565347a55655641214f97df,1,0,1,1,1
gettyimages-597262022-612x612_jpg.rf.eae159485e2eb6cc7f388d8631210c2d.jpg,train,a32ef7f67d230decef1d7a48a988f9e4a335350de049d69bc2baba933da5a5c2,2,0,1,2,1
gettyimages-597270132-612x612_jpg.rf.77ecb3bc3e00edcab0f47b58c3c180c4.jpg,train,c2245be4fba3f55a60eaec9adcdde68fd293f352b39109595bccc7e86140721e,1,0,1,1,1
gettyimages-599143072-612x612_jpg.rf.72db1e89b4f29822726b99a99d4ec425.jpg,val,592e3724ed9991c75676fb6e52b9de3c4d0168cbe7f67c03deb231e0504c6ecc,0,0,1,0,1
gettyimages-621982978-612x612_jpg.rf.ba088992fdd0c451e29e8c8874267d49.jpg,train,cb04b26ef5868b33ec2a761dae32c3002cfa736c4bc754952395554a68b641f0,1,1,0,0,1
gettyimages-622798024-612x612_jpg.rf.c620cbfd95dafc6eecfaff0eb9946104.jpg,train,9451975c94f60e02c7cc5f2a8a9e9ce5e0d94cc3b584f7073ca7329c78f45795,2,0,2,2,1
gettyimages-622798662-612x612_jpg.rf.c8d835e0d8b98cdd38ed482c1b2dc82e.jpg,val,4decc3f83ffecd2787e48d08ea4e7139c43741bacba8e80aa1e7533ea6582d13,2,0,2,2,1
gettyimages-628578920-612x612_jpg.rf.0a303e48c59a2ad715df0496fc6323ba.jpg,train,0fd792d8d4cab42f3061b11dd48d080ea9c2b5ff3a8037500c2aa89959098802,2,0,2,2,1
gettyimages-632170387-612x612_jpg.rf.a57cdcdb3e71053d711846398255e21d.jpg,test,0c7ed7e94c8644c0d412450c33e2a1d9e3bd28528707353ba2ebc6f054f78375,1,0,1,1,1
gettyimages-636990102-612x612_jpg.rf.9491fbb6148776c6010c47c2c6fa4515.jpg,train,3a3995f0b00f6641bf3c440558d14fea7c80cf7741d2f30fa291b2e2194f5c10,1,1,0,0,1
gettyimages-639442168-612x612_jpg.rf.a4efec42a08dbc07bab5c26fe1577f1c.jpg,train,3284eda69a9527f2a6b47d2b7fade85ba44c49f47847c7a360adcf457752c329,1,0,1,0,1
gettyimages-647760480-612x612_jpg.rf.44e23706bbb9cbc8dfb883e5c280dc43.jpg,train,706b507b3a682f1acc9f0a4b328aec8c2ce31adf3a0b075bad690061302b8527,1,0,1,2,2
gettyimages-647760758-612x612_jpg.rf.f05ea973da0b4e276780791ae0d49fa9.jpg,train,e6a049b23bb9a7f06d61c4abc2e46e46f058e9dc2cc140fdcf85646928b5abd5,1,0,1,1,1
gettyimages-648012892-612x612_jpg.rf.348f296c5a2f3c15919049f12d52eb76.jpg,train,2d42c871c70dd68d43739b964d2158eaf4942d10cb307bf59d6a046a01248205,2,0,2,2,1
gettyimages-648013958-612x612_jpg.rf.11daea4201b2b52af93286cad34b09fb.jpg,train,879171701634d5d7acae1ee188bf0b5e4fc4db1618944c768c26228bc4c0b57a,1,0,1,1,1
gettyimages-650169013-612x612_jpg.rf.23f08c1f2b6d634f4c375b67e7a6f7ed.jpg,train,462258406c3ac9c7bf17f4a39eb40332420d1de50aa1cd89c606cb54c2c98a11,1,0,1,1,1
gettyimages-652835990-612x612_jpg.rf.c76bdad35788c43d9b5a675f89b2d36e.jpg,test,982de423f28d4ee4940b2d161038355d1bcf4e730c197db85b29eff0bf6fcb46,3,0,2,0,1
gettyimages-664661819-612x612_jpg.rf.8b45f49bf73e014fa39372081a966862.jpg,train,ef00161679121fa3a470cbaa3744a536689a123d6c8a919e45eb74b24e50be63,1,0,1,1,1
gettyimages-665249214-612x612_jpg.rf.ad3dd7085dc8a00c224d66ef5ef0d09a.jpg,train,c2963227b6388370b29a2a521c07e923476a532c738623e16878e5aa45f84614,1,1,0,0,1
gettyimages-682443590-612x612_jpg.rf.96a1a5b952ad75c8c72a6a92b1f56105.jpg,val,9fe42553add1e8458263f412b4a8b9105f5a86058d6e36cb8de47ddffa60864c,1,0,1,1,0
gettyimages-689572632-612x612_jpg.rf.1235f71f4a5c0bd45e274ec97199253a.jpg,train,05e8b846a9d9599be1f0816f5478b6ed67ef95890852acced11ee137a69c9dd3,1,1,0,0,1
gettyimages-691703536-612x612_jpg.rf.d8cfab670bdcbf7a84b7240b8e6b3266.jpg,val,153258a80f158c9391c17384e4bd9cb6a6d5f3b9a43d4776771dbeb1f092b03d,1,1,0,0,1
gettyimages-694061746-612x612_jpg.rf.88d716e64f7299651072ac613f25c1cc.jpg,val,9fc43c2671d9739e4d61cf97d5d83523de57c504bc67b19776fc59cd245a87b6,1,0,2,2,1
gettyimages-697636240-612x612_jpg.rf.b0eb06507cbc7b55a8377eba18d90316.jpg,train,2964cb4fd5805602c4dd0dab9f5be62a230503a1edc5e60dce694ed4c08d94b7,2,0,2,0,2
gettyimages-78521004-612x612_jpg.rf.d0c9d58af64e90742f1a0f85ac4dab91.jpg,train,ddec77d1520fce42e8fffd57ae13a1451bbb40ddc335ee76c7b1c59429c09b70,1,1,0,0,1
gettyimages-78771253-612x612_jpg.rf.abf8c0831c339d56a5345c18562e9f06.jpg,train,5422a6e4da3d61dbbebd250b42807fbaa5de007c7d9698e28a8f11fcca22cd84,1,1,0,0,1
gettyimages-807680780-612x612_jpg.rf.4c3640477175728b21584f906700757a.jpg,train,fb163ccc66e9f88d24d187be42a58d4422553a37449c3d517c41de301d123d71,1,0,1,0,1
gettyimages-821202224-612x612_jpg.rf.3979d82d5db4ce55d6da9abaacdc5eeb.jpg,train,ed9c8727c93891e49f5bb4d29a4c10c1831b266411ef88959291f1573ecc58e7,3,0,2,0,3
gettyimages-821202318-612x612_jpg.rf.60efd9a0a6a34133e50ac9d84a17f498.jpg,train,874aca7d40c1fc5a0bfc1a553945c4608da2513998308c396104bab956f4faf1,3,0,2,0,1
gettyimages-823328086-612x612_jpg.rf.5c4c6063f1acbabe34f08458f53deab1.jpg,train,942342aa7f5b3bd292bea2104a05d42d10d8d59639ea8859250b639e36b41587,2,0,2,2,1
gettyimages-83455052-612x612_jpg.rf.9a4e01077e4ab7024ea46744eda275e0.jpg,train,c9ff64a283b470112e58bcf83f4ee9c50ff65fa636dd5cf9accfca77ed898da0,2,0,2,2,0
gettyimages-83455064-612x612_jpg.rf.d63246b74338bab55417cbc6f1f2aa97.jpg,train,b273ccb23c852d19ce5bd76857c0cf97683bfdb6428470bbc8f2f30860c025b8,4,0,4,4,0
gettyimages-844809900-612x612_jpg.rf.a89267d5dab09200b2765193a21549fb.jpg,val,fd5366832e7311e271654c1f616253fa07fbaebe23705bdf2e2041a9fa324bb2,1,0,2,0,2
gettyimages-858561748-612x612_jpg.rf.562d30f8eb454f01d9896d70a09eeeb9.jpg,test,271d14237aab511909e385e5a2bc5af0142e186550798b6757dc4a32a289d0fe,3,3,0,3,3
gettyimages-858561752-612x612_jpg.rf.272884f0c85c349626a05cbe7bfec426.jpg,train,ceeff5c386e75b69cf5afd23d2c5fa200dca4d421f2e2a2dfa4c749f98002e8d,4,4,0,4,2
gettyimages-858561928-612x612_jpg.rf.4a3bbb8bf2261a531d18c25b79381332.jpg,train,54c510bfe56b6fb601d8839c0b3f6d43b6dba7cfbcdd3c5fd8ce6a98f9a0cce1,3,3,0,3,2
gettyimages-858565704-612x612_jpg.rf.f7b47fb34af33ad8d840430189fac22d.jpg,test,32ebe85c4b83feffc5c5970467ceb42fd71d5b0155681b41f9f67913b83f910b,2,2,0,2,2
gettyimages-865275766-612x612_jpg.rf.155aeb757ed70e3e493b696404fa7c30.jpg,train,791406c96d2b7a0912963897221b251eb14c24730339a6518c88ab5ac7c40274,1,0,1,0,1
gettyimages-869338606-612x612_jpg.rf.fa412832266af3af1d7e1db1bdac8093.jpg,train,0876f7316d0fa892f0f12aae26dd2b579d2a842b6023051504379ab05f6e29e2,1,1,0,0,1
gettyimages-87397575-612x612_jpg.rf.f902cc8e5bc9d73d5afea80c5f37a7df.jpg,test,9e62dc8c8fd9f43d71174b8ce646ed16f2937d5f8f4f6c264b554a9b6d33a21c,1,0,1,0,1
gettyimages-88655418-612x612_jpg.rf.e69541355aed4acebc848f7a07ed9754.jpg,train,f0c418a49f9794271c0bb1fe6dc8d304ce342c662c4715210788e052ac1a37ae,1,0,0,0,1
gettyimages-886560330-612x612_jpg.rf.7bdc8163542e140240962e6200ed229e.jpg,train,5c320149eff8d016645e8eb1c8f0ad43d9fdc6a2d9a4ff736270c32a8be97efe,4,4,0,4,2
gettyimages-89839844-612x612_jpg.rf.ce52a190234ace4d646ff40e75105244.jpg,train,a9889fa72b45faa937b60d76548a32602ade7120dc46d90e11e9dd2d5beca29b,1,0,1,1,1
gettyimages-89975092-612x612--1-_jpg.rf.4e607efa2b57d21dae296e714687d6cd.jpg,train,7a5c34056160d84d7623155d988f8395b3d8b966644de90e91b36a12ec9ac539,2,0,2,2,2
gettyimages-916731436-612x612_jpg.rf.308e83d5ca8e052af684f3266c3f0859.jpg,train,dce706da0f36baf98c7bcde5aeb6278bd336c75cbe4a43b5af127f5b64eea34f,1,0,1,0,1
gettyimages-916735694-612x612_jpg.rf.173b2f2146d42045d2f149d555dd9e94.jpg,train,5f504047a1f0d48c86da78cde21f12946b66b410587f8bb4f6d7576c698dcbfe,1,0,1,0,1
gettyimages-918422598-612x612_jpg.rf.2d963178b1e01bc441dc6e247f5c2600.jpg,train,bedb84119655b533a560838598521c5162ddac416dd2f16eee15c2e0bdbf50c5,1,1,0,0,1
gettyimages-923059130-612x612--1-_jpg.rf.88f1a92888ac7889c8cd0e900e8e3fa2.jpg,train,49a1eaf2342fc3b18e99af669830e98f1dcbf101be361f28b76a3b5d25518fdd,1,0,1,1,1
gettyimages-923059504-612x612--1-_jpg.rf.0c2915abecabe643ff095475f1001386.jpg,train,0d55f28f06c67048a0e41a70f7cd6471ceb2f768f70fd27364e6bba79bf92785,1,0,0,1,1
gettyimages-934158138-612x612_jpg.rf.d3f9149e3c5be95369cea32da6b54eae.jpg,train,583e03a891254f04a612af34a92b4efc04ea7fc279fe7e3e75a931296cd18050,1,1,0,0,1
gettyimages-945924342-612x612_jpg.rf.17f1cf8f28a99a286470d1b5872e62af.jpg,val,06444f05da445709c611821e9649aa0ebce23d3c0b97cf2c4fc625f0daa53e9a,1,0,1,1,1
gettyimages-945924672-612x612_jpg.rf.be5de2d3af09c706f5b81a7ea47014fb.jpg,val,cdae310ae9668b83339e787bc9afbc3925851727cf377536447c144ba36601ad,3,0,1,2,3
gettyimages-950229736-612x612_jpg.rf.2e19894a57a75b708eeb509e8096adf0.jpg,train,3bdfe8d98aab27979f5112e18759d9ec617254d5fbc51876f3019117eac28bd1,1,0,1,1,1
gettyimages-950956144-612x612_jpg.rf.e86ff81b74aedf178ddf65ede86304cd.jpg,train,1be17b81cc4ce60525cc8aca8ec20c55e10cbdadb7555e43041a8ab96581c4b8,1,0,1,1,1
gettyimages-958247810-612x612_jpg.rf.bd17e3eecec0ea263a9d3922b91de2e7.jpg,train,5a7be4b2fa5d92f36346196288f73405c8509e114801c3f293aec5859165d66c,1,0,1,0,1
gettyimages-959324254-612x612_jpg.rf.a95c03e81b4f45f53d45fb6984727e75.jpg,train,ce778abbe5ba3f269d53a16ea3a85caec90eaa56aadf3db3de3db99316a3017c,1,0,1,0,1
gettyimages-961105716-612x612_jpg.rf.cf295439bfb3b8acef9d731c0cb84162.jpg,train,ff7969cd0895c10c512097c3ed435e29eb7e1bd649815926d7e6c6077bef95cc,3,0,1,3,0
gettyimages-96390208-612x612_jpg.rf.d5a4542bd298e513dfdcbff7c8d804fc.jpg,train,5e1ccaa5863010dbf4c3586a503a7e71c7fede7a4282228d4cdcbc29b32b8fce,2,0,2,2,0
gettyimages-99307773-612x612_jpg.rf.711b15dba2c1539fe23015a491c474b9.jpg,train,bb1addfb85e7e70ecb2fb85046abe6158d9299489165446386578315ea2ddd09,1,0,1,1,1
gettyimages-999554134-612x612_jpg.rf.f81dafe65222369824c52d6b57d4bd17.jpg,train,eb8f6831912606e73b02f13d0c91cca403f039eac30137eb4674829812d139f5,1,0,1,0,1
gettyimages-999623886-612x612_jpg.rf.adbcd682f612197e0f30292d4e1fb3f4.jpg,train,9ffee5b3054dfe4f4c94a790690279cf3c7233aca7f112f6578cf03501121bbc,1,0,1,0,1
gettyimages-dv1961024-612x612_jpg.rf.5415b809f76b68f2f20bb7b3730822f1.jpg,train,c512d0a2f2cc14209754c8867152a098daf1fa4f3eb49c318ce7979c8ff58be6,5,0,5,4,0
hakuna-matata-5RiUaatyhrE-unsplash_jpg.rf.dd1244a727bde3f2628b2c9c08d2e271.jpg,train,6ae7aa30f5f4b6cc70ce50a933efd6132d4e129face37dfc42da72803d257a97,1,1,0,1,0
hobi-industri-ddxp9b2E_24-unsplash_jpg.rf.9bf79628672c81fa8616ddd37ee6dd60.jpg,train,1e5b597feab539675f9332c51befdff8fb11ffbc1b1ea6b0a34acca3af7a7163,1,0,0,1,0
image_from_chaina0_jpg.rf.75701f560c78ba1f1fab6d24f1cf1e0d.jpg,test,f0e19d1910d7aeff49409bddc41e0804f73cbedd4890206c7c2365ccc20ab1ab,7,0,3,0,0
images_jpg.rf.555fbcbfba82ad945ec3c6c1eca8dc27.jpg,test,8d0df343cb1cbf800ebcb2d5a0b4f93b187c00b5b28dd2b42b28055f68612b94,1,0,1,0,1
jose-megias-7Qxn3y2CQcM-unsplash_jpg.rf.f583537a6dad1283e0ad3ecc75db230b.jpg,val,47b234ebdb3b0ed1c870e41812685c8bd3ab4e2c2696d6860240fe63125d89eb,1,1,0,1,0
k-mitch-hodge-Esi7nknKxmw-unsplash_jpg.rf.2ba5caf25d2d85a803e77fc7e0a7d6f5.jpg,train,1e93bc173c7261c8122e57d48bd7bdd684417cc42513ebab799c3189f2e894c8,2,1,1,2,0
kevin-grieve-QCdRhVj7N8w-unsplash_jpg.rf.74c17ed37fec49f50236defd9c59b89d.jpg,val,da9bfb328e03277f5b18b35114d7246d382b4e5650cd22d7f1032fc270719fa9,1,0,1,1,0
lennard-kollossa-lXN9O5cOr1s-unsplash_jpg.rf.d922ef481fbe392ab1ef97611b0aae1c.jpg,train,a497a6e5680ea5e7a34a76a2fa7242fb9355410969772b88e5f8da2a443044d1,2,0,2,2,0
li-lin-rZcC9J5ZT6I-unsplash_jpg.rf.421377558b793e6ab1157bc4c9f1c4e8.jpg,train,9bc0c25a5cd34bfa2a63aaa2e8de401ebb2e045720d86b5f000bcb4798d68ef7,4,0,4,3,0
mads-eneqvist-J9jYy9S1zAk-unsplash_jpg.rf.66a062db4e0b250ea930bc57d232bd7b.jpg,train,290e4f3b5eb52db4ca9f086ccbe864ddba7498844bdf3f9d20c8cd76b319611d,1,0,0,1,0
michael-nandong-AWxWjmNSoNU-unsplash--1-_jpg.rf.48b926329b441cac8e7bf7e5a661d1ef.jpg,train,a0c146e41bba31e594180b17a900601aaeca71beda31aef7cce7a2a6c8176ed8,4,0,4,4,0
mika-baumeister-sKV8Rgxopx0-unsplash_jpg.rf.90b0040088d6ef5aeb05d266945b1619.jpg,train,3c7a85640c62ed5d8cefe87b7f940e892ccad2fa1a9403722d13f30f9e0f8ffc,3,1,0,3,0
mikita-yo-K3bHI_saaMw-unsplash_jpg.rf.efc9a8e378690e3d9718425c7b0ac785.jpg,train,e52af4304002d49efa5cbb43272f3cce4ed448a383d6cec6a1386b7890b340cd,1,0,1,1,0
mufid-majnun-BKoWuU27L5w-unsplash_jpg.rf.81a9d2248b6de16ecd27f13716274536.jpg,train,4ede3d51c450931de1811652fe85d25799d45965896156db1c5264441ba3915c,6,0,6,5,0
mufid-majnun-K_SJaJqwvG8-unsplash_jpg.rf.c5487ba1d8dc23565df8d8c719924981.jpg,test,9ed12b878e4c5136801838099a808be1f955cfc4df3eb8a4bd78e35d1efd252c,6,0,7,8,0
nelson-ndongala-C4bCvhzJ2hg-unsplash_jpg.rf.2a3b98a890f9667b16e31b4638ca741f.jpg,train,876bcce5dd928d5fb6396ea0b0e3b83e1d13d08872f6792a3816ce2b26f4c198,2,0,2,1,0
part2_000007_jpg.rf.d487b6998eed1fafc13f1589bbb2b97f.jpg,val,d91025dac9f8f7235a511f2bd75f103ae9f47a061eedcc4319a78c83a4ab9310,1,0,1,0,1
part2_000096_jpg.rf.a49aea8562c9f93002d395b3ab3c8e7a.jpg,train,f92e120a681bbec9bd2e41138bd36a4d5eb7f77e928d21548d9a4a3a6b73077a,1,0,1,0,1
part2_000246_jpg.rf.2db0abe39c7b4d7550413e4e01408a40.jpg,train,cd399cab4ffe7b20f4e3134243a84c2fc738120add99d57d7fc4b1eb467cb822,1,0,1,0,1
part2_000363_jpg.rf.279a9ff7089428693348102d644f67dc.jpg,train,aac84dc6ead71ad1c34e2ed445fb5a2b5f99bdc8f20dc6c57d77e87f824252c9,1,0,0,0,1
part2_000395_jpg.rf.1b8d4dbadcb3d407308d1fc6df09651b.jpg,train,5cfa3e3c8ff7db64d32e241e22c19638c3de0ba32c582718a087edc53ff15d92,1,0,0,1,1
part2_000828_jpg.rf.4246548e2b537db450760db69d9960fb.jpg,train,c5424c3ed19fc5bebc3e3be887f158c4bdc0e660692c4721050cd7ef17bb6e6c,1,0,1,0,1
part2_000918_jpg.rf.f721b84d40537b4e7bcc871321780936.jpg,train,f5e6362598e42728ae166328e90e6831268ed2e337113139625f709d9d4224c5,1,0,0,0,1
part2_001202_jpg.rf.99ebba37d0a7222975f3e59d92c3da40.jpg,val,21a4e7daef0dbfd3a5e899a1cc6a902329740c8dda239d29d009301ede76a862,1,0,0,0,1
part2_001266_jpg.rf.9759ccfed811c2873300ab17e72d3c48.jpg,val,1e9231ae1fd40df9aa8f0d8686489ff5758a8df3995915c1feb60875956137e7,1,0,1,0,1
part2_001360_jpg.rf.8b54df6597ee34841951fcd61ad16a35.jpg,train,bd23ef930c1635c77ed6c0769111225f2a7bf2fc75452daab98369db2b8311f1,1,0,1,1,1
part2_001434_jpg.rf.adbf452345013d4e99b4f80a230e9875.jpg,train,54614a01b22c5a74a6b1547a5d856ec3c5ce3729ecd98d8d6848a45a62e72935,1,0,1,1,1
part2_001529_jpg.rf.bdd4f9227c43668effec298ee6598215.jpg,train,3ae7a627f2ef0a861064f7e80c87d83e324d6cecbade0f640e2c0533849f131e,1,0,1,1,1
part2_001740_jpg.rf.5ebd3304c3c69fe8539c40a03da1e639.jpg,train,62d5d350e6cbda2dfd8526db5580fa0ef7d9e5c4fe3261710baac92e1d8fcac4,1,0,1,0,1
part2_001887_jpg.rf.efceaebb6699175125f0068c51cff8a2.jpg,train,ecb096bf83a9dc4336ac81d0d80128a650bbceff7062ccbbd42dfba6434c4b3c,1,0,1,0,1
part2_001892_jpg.rf.5e72986dd8bc117d4dcfce4b6556dd0c.jpg,train,b4448dd16683ab19d531dc4bcc14d5fb54fb52a9f4ff35f390af1651b20e3ef2,2,0,2,0,2
part2_002045_jpg.rf.b1f23e8644fd5add1e504f665e94a6f8.jpg,val,01d0f1da12fe71b50a4b195db127ffb689e40d0f1de88e09b64d3614525d48ff,1,0,1,1,1
part2_002048_jpg.rf.c143922a83e232527da595b3b2cafed3.jpg,train,98e0252a1c0d818ef3693637e40cd42d42d642f3efbd1c9c52674dc91e45030b,1,0,0,0,1
part2_002068_jpg.rf.a7078660f0a528b29bed82161e1a6e8b.jpg,train,2ebd81ede4af8b2367335560329c9ef32fb49f08c215cac95df22d0452db0499,2,0,1,0,2
part2_002095_jpg.rf.d12346001ffd13c995d5c86a612112bb.jpg,train,9e5f753316f280a6fb4b2d4fbc6a77731790fbc0132b5011108774f9550d3b3f,2,0,2,1,1
part2_002102_jpg.rf.c200b1771429bc797ac103e218d87041.jpg,test,421394f7ad355b8945c68cff7b1e7d0641abde13bee97b25e6a2fe43f3b53021,1,0,1,0,1
part2_002124_jpg.rf.2d68831d49a04691f26ae5d78909ac4b.jpg,train,dc50264297d836a66c0f205634e02253554eddb128005bf9ed776fbcf93704ef,1,0,0,1,1
part2_002169_jpg.rf.4b693c0126726c54f809282955444b9c.jpg,val,2a48d8a0472993fcc4acae391cf4ae97a06c67aa8b970b9157495f8dc45095a6,1,0,0,0,1
part2_002210_jpg.rf.72eaa99dd7ce39d3084daccd55f87c9a.jpg,train,e7546b222eae01fb71848623074f7557a4dd6ddc6f3eaeedbde266039b4b5315,1,0,1,0,1
part2_002283_jpg.rf.37ed41b6d9d43ac4a616e9bdfca7cfb3.jpg,train,f04533fa4917bfbcb609722d8dab31bab29c6e7635cc2174a1004d119350ff4e,1,0,1,0,1
part2_002298_jpg.rf.84e5c46bb6aca2af5e7897543601b489.jpg,train,2a8f9b900139d59688e2a9bb8260aea20fbbeec124dffcba04f64364c33f2452,1,0,1,1,1
part2_002322_jpg.rf.ad2a91b1fbfeed195ceac298f09a5abf.jpg,train,6dd3b93ac9622be7b20474cc25d8df7e437fdf2e0ddbb312579645e29b1611ca,1,0,1,0,1
part2_002344_jpg.rf.a2cfc6d57955d3a489cfdf0d256bd1e4.jpg,train,a6a5f210ce6121fe0ae4c468b4d076133e2ebd5f1a5da1fab7ed30a0fc249fd4,1,0,0,0,1
ppe_0000_jpg.rf.52ac29b1eb1ba8d4cd3707ab5d688361.jpg,train,076335a95bf0d2819eddf46e50fa39954d43a771d4fe0c9d575e85c80ca24787,1,0,1,0,0
ppe_0001_jpg.rf.7aaa99f95d57ad3a01d00f558418126a.jpg,train,c523fcf58cf5d10f3e9e01beabad73df2a99b7d68515bddb5e3eb341f6a39d3d,3,0,3,1,0
ppe_0002_jpg.rf.e64fbec6e21e552bca32b3b714f13f7d.jpg,train,a05cedad8eb032f9cd78f3248275d9c652cbd540207b430723ee1ac700c03364,2,0,2,2,0
ppe_0003_jpg.rf.2efa3b94f72b720ce7a308e7007f8c9c.jpg,train,49f3ec43071b0a041a1b287f8254cc5383af2055bc908503859b2bc379f8fb96,1,0,1,1,1
ppe_0004_jpg.rf.3a69a94cf1321b8032f4141b18d87504.jpg,train,ab0ac34d74044d230f5e5ec89d20b54b733476ae5077861ffc29dda0c006a55c,3,0,3,3,0
ppe_0005_jpg.rf.4895e94091c9e3847e9a3b66eb72ba4e.jpg,train,c258b57f59d393c0c0a5893f401b1a27bc5a425989e7f3b1a217fb0cbc2ec895,1,0,1,1,0
ppe_0006_jpg.rf.62a8eb911fa41e1a64e4bad635fd555f.jpg,test,f39bbba4fe3b245689e9792bcc31e96b2be7d3fb744708d08481377ab70f07ee,2,0,2,1,0
ppe_0007_jpg.rf.7ceda9a3d34a9f795537aa97792b4cd1.jpg,train,de904e695458407d64d18ebef75ee5eac5e31b0b0b24a704a9bf16223eb684ab,1,0,1,0,0
ppe_0008_jpg.rf.3c000c5853d7cd353bf79b06828ec536.jpg,train,18cf2aefbf401129398b68f56803c32dba52e39c99df98395fe3eb7216514c8f,5,4,0,4,0
ppe_0009_jpg.rf.ff575efd4c756e6dcb9d5fc3668e7c3b.jpg,train,65aa117baabb957888f01de56b3a2ff402ac4556528e928998ba586efb60d490,2,0,2,2,0
ppe_0010_jpg.rf.b8f4613e7dee43e8cccf8d44beec12ff.jpg,train,026232061b71034654847df4e50a09eec046875bdbc4d056c8542e36a364ba16,1,0,1,0,0
ppe_0011_jpg.rf.23215c5a453dbed562c2648df5e008de.jpg,val,fc512b672ecfa57f1d211688b0a340998fb27704131f66e1cc41c49d0e217acc,2,0,2,1,0
ppe_0012_jpg.rf.4d3626831da9878efcb69571d9b2f987.jpg,train,c6baaaf113d545f75bc7e774c300f0cc90330f1953cfcf123ea6faf8cd0f9bf8,1,0,1,1,0
ppe_0013_jpg.rf.6f168b64fc87414c356ae5d31584c01d.jpg,train,661d0e5e9187ce6762fbcc9646402e85cc10a66b6ae662ebd92448017d0ce959,1,0,1,1,0
ppe_0014_jpg.rf.08af91de6827871a8fb5855f121e07ca.jpg,train,c958598baa74e85b2558fdba2d212e870ab1cf3baccf4b086a003ca7fb5e678d,5,5,0,0,0
ppe_0015_jpg.rf.4013da3fab8c778f54d556303b813946.jpg,train,8b3a09a2814f61165e9c91668b9b7c2252e158fe548af7ddd5fd290a8d31e82b,1,0,1,0,0
ppe_0016_jpg.rf.c23e27a0ab37fef36f8739be32a916e4.jpg,train,6e7e41abfda47ef5b04401f438ae05e341fd6c7f8e9ff318d77237dfaefc60fa,7,0,7,5,0
ppe_0017_jpg.rf.91078d1f555a0f415fe50cb20ed67849.jpg,train,cf37464d132c6d97ee7ddf0502822cfaa58cd13de0bf0c0c85974c121cc1b555,1,0,1,1,0
ppe_0018_jpg.rf.03f00f9e3c867f33b050dd720eef24fa.jpg,train,a0b107709baaeb8eae95f3ec282fd30f0b859434f9a12821383d7c3d848ea5cd,2,0,2,0,0
ppe_0019_jpg.rf.47a63b2872fb3a619441d7d6c50cb089.jpg,train,b3de753980bfe3ffbe2f1ed3249cc195c642587bdbe8600d79080e8952cfd923,2,0,2,0,0
ppe_0020_jpg.rf.05662712fb9fbf2b09b189311750ce3a.jpg,train,d4ecbdd0861aa3f9eebe676bb7838387bb4a4a6ee784a44f8aa7093432bfe463,1,0,1,1,0
ppe_0021_jpg.rf.4b8dd28ef0bd47da05a79016785f8038.jpg,train,b526501a5c20d21470531726900ec4e04f72fc215b6a494698027d85b56ef0b9,3,1,2,1,0
ppe_0022_jpg.rf.b2e5d1b2071dfd3da838d2b929790f14.jpg,test,626168685817b192dcf44b9631e939db7c12cdc5e967990b2c8d9f137517c57a,1,0,1,0,0
ppe_0023_jpg.rf.d6aba93bb5d97e22a052936cd041f3fe.jpg,train,972030ae8cf4ce3e016a02f4ca2a56d610c25d665fa3f44522b7066512794441,8,0,8,5,2
ppe_0024_jpg.rf.6a12aad5e92fc7d0dd6577a30ffcd1ea.jpg,train,b2cd12a7146e25ae2011880ecc3c0681188186d7eaba8ec4ded0c86cc0328dc1,2,0,1,2,1
ppe_0025_jpg.rf.133992a860245792614ac74b6b78bf0c.jpg,train,b913e49b2e3990d726e27bac36c073261fbfdff6b7b1b239b9a7aa29c9481ff6,4,0,4,4,1
ppe_0026_jpg.rf.0a0abc70f41f346552480a566738dff0.jpg,train,e1249d31aa75a15010506b488c7e317ced06f289cba5a7e746f1f3b4ef989a25,1,0,1,1,0
ppe_0027_jpg.rf.db4844b8bcbbbc7e80bd353671c5b1c7.jpg,train,e02be585ed1c3372094f8a469408f376c507e923d3901bc20ee3edb79d2ef3f1,2,0,3,2,2
ppe_0028_jpg.rf.dca5f6265a6874534545221348f7d907.jpg,train,e741a0f7b4877ac502deef4aed919a047cb1e3632fe8403b123bafb52e252a5e,2,0,2,0,0
ppe_0029_jpg.rf.ecaed58ef39a94fea5df2c424aa81b50.jpg,train,88a8df11b509b9b81252535aec007fedbe9a70efd5888429b5419935e753a5a9,1,0,1,1,0
ppe_0030_jpg.rf.5c1682cc84658a840b2d67ba3a2f1ca6.jpg,train,c489b74de2ce2424dd9d7c6a256297c845afc71cef9fa6961ead3aca5cb0a84e,1,0,1,0,1
ppe_0031_jpg.rf.8a520894e2bc246ca367fa17885f1904.jpg,train,5db7548742eae14b3a83d298f8821b305abec9a1ae1c89abcba558a65a7758e9,1,0,1,0,0
ppe_0032_jpg.rf.e558f4d14cab2aab3c6febe66e0afd41.jpg,test,8c47751e44dfc69796406a155cc31cba472731334c53139486188366df27cfc0,1,0,1,0,0
ppe_0033_jpg.rf.489687e7fbfc6cfdbb55be24f8ec2c16.jpg,train,74e2ca9e053377a2ce2f9075b10c684a8e3cf93de72d7194bf6af0e0481878fa,5,1,6,6,4
ppe_0034_jpg.rf.aa87b4a5e44c3366101034ccf0b7affd.jpg,train,c4c254b1e0714409d8efe96c009318322b74abc69eb659347504c1ad1c1f0e22,9,0,9,9,0
ppe_0035_jpg.rf.97ab76760301dbfd3cb17277edb16cf3.jpg,train,4fcac079b9cd3651030610019878cde3c3596804273548de6488735b8dad43f1,3,0,2,1,0
ppe_0036_jpg.rf.4f4f5e21d6693c2ee8d353e318d211a7.jpg,train,72ccc5e795b9b082b29f25267b2612a37ed1084b0dede587d017651015324e62,1,0,1,0,0
ppe_0037_jpg.rf.9a5095e4705532bfef655052eb0397c4.jpg,train,8aaa33eb93a1102df6b81d9f0bbb3ddccbe005634fd293267fad86c4d23aa30c,5,0,1,2,0
ppe_0038_jpg.rf.5fa83116c617c354a3e4bb99ca6efa86.jpg,test,f0ddb5b18ca3f6ee8f260b7c983cc8f6e3ceddbc8f39114766a16be1a84e4195,4,0,2,4,1
ppe_0039_jpg.rf.f0bd03e4c9e7bc64b9aa34cbb381fcea.jpg,test,073e384ac76f3e3db3c76f16844e73199df8f52e0d6b41733827d16b89d704e7,1,0,1,0,0
ppe_0040_jpg.rf.c5a6063eb82ac1feeaf0940d40ff5b68.jpg,train,c216a18366262ac5790651b7b7e1788b91ec1575787050373d3f353008426e16,1,0,1,0,0
ppe_0041_jpg.rf.e4e9ed8dfb227623dc0c593e32685d82.jpg,train,8c1e8a4081b0f52327c228f13bf5be8c2ba4c41540985b9e3c98333f0799eae1,3,4,0,0,0
ppe_0042_jpg.rf.440a9cec50442f80b2554c1412521e92.jpg,train,63e3430981d984ab7977d1aa3c372b902fc1025f6507ad14c3d5d82b26ab9398,1,0,1,1,0
ppe_0043_jpg.rf.f39e473e4fdd200c1dc51973d4d936c7.jpg,train,ad2e7e93c050cd5c5ba34ab35c703f162ec16f69ab3a6888feb388b7d3d98e09,1,0,1,0,0
ppe_0044_jpg.rf.fe4386ffb06ea7336f5582e2f6ba2028.jpg,train,636f188f67e974b759542a1a2c48f7f5c9eec4921832035e3e6d3d233987e030,2,0,2,1,2
ppe_0045_jpg.rf.c3c4f352f43337cdbc2fb949d669019c.jpg,train,670c2b075fd524cfb2c8dd008db0ada804c9f26c8c3518e0cfc45eb113b0bef4,2,0,2,0,2
ppe_0046_jpg.rf.c1cdd96a67ac325f7cf434400e594502.jpg,train,5d9dc28ab1761f962b2294b977434214ab6cd132eccaea680d3bf5ab643e5c4d,1,0,0,0,0
ppe_0047_jpg.rf.d5f5e02fb76b19caad6509942c493030.jpg,train,44487bf135f3eca2503d81e854b785a301dc98e92c433c61ce3369448b7f52a4,1,0,1,0,0
ppe_0048_jpg.rf.ebb9c769ee176c2ff8d4357a528c4c7b.jpg,test,79d640ac2aa03752f5555410ac64ac6e594b3506a540b2e1cc7aef1e2d9deafa,9,0,9,9,0
ppe_0049_jpg.rf.8eda14d0c9b46c43b4c0d3ac4d9e80f4.jpg,train,2411d59e208bbac5d6f451398837b25ed2941d9e48c01e278cde652c57f35ef4,2,0,2,2,1
ppe_0050_jpg.rf.461997ffa1add0b25093bb4674c12388.jpg,train,ecb90fbab8f1c6a293149b7847eaf10a5457c5015a62596840a8b0af67cab2cd,1,0,1,1,0
ppe_0051_jpg.rf.a7ff8d7768265c592fe329a2931ead05.jpg,train,c52e6d12088e5e342dfc862f62862940533023c3bf8172929127068ea0a5c709,1,0,1,1,1
ppe_0052_jpg.rf.4642c20f97f60ca135ddf90aee28c882.jpg,train,9dbb0228c6fa392274b81cfc7183b85f32099d40a457087fd0a27af66badc17c,2,0,2,2,0
ppe_0053_jpg.rf.27b9cac1d77fb7220342ca88d27e0347.jpg,train,9d6346e653065222a86e90c94c7a9d027625d0319b99a965fee2830c394ebc0b,1,0,1,0,1
ppe_0054_jpg.rf.4ee122584fdc066d964ee0c1f7bc4329.jpg,val,f84656afbe51a5d41ee261ca9c5bb20bc0b43d61f8979d06edea5b9f49ed15c6,1,0,1,0,0
ppe_0055_jpg.rf.542ced8b1bef2128226d69b947047295.jpg,train,61d5dd96260f1ffd3573969ea5e4b7c6bac4f2307cea88205be441130578ac73,1,0,1,0,0
ppe_0056_jpg.rf.6510c0eecfb2903375da137f9a8b4cdd.jpg,train,53b1cf5917c10998b0e8529247acdfc2b7c0f5eeb052f9f9d1c1d8ce43aac7db,1,0,0,1,1
ppe_0057_jpg.rf.d3a2483a239f7f49306a1ea84061c265.jpg,train,7ab50953f3f82b975b7c3983d499c12633f0a77439c3056bfd4e4d12aeab0148,3,0,3,3,3
ppe_0058_jpg.rf.1f04dfc9ec1e087d603764c2002a2fe3.jpg,train,02b9b6b88a1559eb046dc76151bc638a3f7b6d2c136179ed2a4407a93ec5ad65,2,0,3,2,1
ppe_0059_jpg.rf.8b35d5d43ca7926e4d64d7a226aa0acd.jpg,test,5c68aa68fadb4da491ca545275e26be5e1d4f356865f27f725ea7bb509c73234,2,0,2,0,0
ppe_0060_jpg.rf.341a1f30b2ed73ce4ed0b46cc5d35831.jpg,train,6f5290b75aa19cc7ed1dbd960f101372a1c0841496a8d0cdff7bf7d266285936,1,0,0,0,0
ppe_0061_jpg.rf.e7ab475125dd7727c3ce89ee9cba9a4b.jpg,test,c983c22184e5f3b183f9cce306c64bce5326af320f0fc0faa081e35b72af55c6,1,0,1,0,0
ppe_0062_jpg.rf.f2c6e55150d48c40b9c86231e42434da.jpg,train,0f9fb512ecfd5e7436f68a2d4df507dda7f4e516da65b9823d91eb49cc5b2e52,0,0,1,0,1
ppe_0063_jpg.rf.aadbeb571f7e10263d40cf528278fae8.jpg,train,361899c430134c0c176bf14bce7180aaf2099217742487e285b7a32d38a0ba97,3,0,3,3,3
ppe_0064_jpg.rf.35da2770b5a712c0ff60f54e6a104bd3.jpg,val,97825cd82f12e5d6443fe6485a539490c48d835602827adac9eb264073cd3dd5,1,0,1,1,1
ppe_0065_jpg.rf.a087bc982449d25fb8176ef20cb45d5d.jpg,train,8b01ea60f8f47a743806ddd6c557f158fd59f9cc97be9bf3eb2b588488a3a194,1,0,1,0,0
ppe_0066_jpg.rf.5815a42ef85f5cc4d172073b3d264b5d.jpg,train,5ca94b3b873405d54dbb63d9e1088325035e8f0b089fad4f285ab5095eabe391,5,0,4,5,0
ppe_0067_jpg.rf.e0cdb3607d0eb14e83947cd56a50aa66.jpg,train,62196abc0ecb3eea6d3abc8efb6a617e9681926f07fb9bf829611a2978476c61,1,0,1,0,0
ppe_0068_jpg.rf.5f5df561ba3021ef4c1dea6d749ab24d.jpg,train,ffb2185a8e5f651e4e672e64c5f449c25625730e7c3b60d4eeba9bed163a14cc,3,0,3,3,1
ppe_0069_jpg.rf.83b98a5080ffdb74ecfd64b46f41afa0.jpg,train,9021512261ecc3fe0f79b7be80cff2a961a5d9d849b5469010d8a05a18ce5457,1,0,1,0,0
ppe_0070_jpg.rf.b2bb49d2dcde85bb4aed689f651e7f5f.jpg,train,e0dc4ea20948dec6c54f2f6727c3e7bbb59ee1cf276eed5be989c61f7b226330,1,0,1,1,0
ppe_0071_jpg.rf.233c83951ea37c62d2dda323042f8f76.jpg,test,b7ec79baba5062142576d76ebe44c61b238a85ffcb7d7a86aff2e6075ae01246,1,0,1,0,0
ppe_0072_jpg.rf.54381f2fb2e2ee0dcc92c090cd1bd418.jpg,val,0e5dd7fc21b57ebedfacec8b58ba293d5de073cb807ea260b06df3dff7b82137,1,0,1,0,0
ppe_0073_jpg.rf.426709a6f5415eee18147e7ad3918d92.jpg,train,78bf2c08e3415e0ee9b6f9349079928edead7c70ab175a4b44bedf8dcacdb17a,2,0,2,0,0
ppe_0074_jpg.rf.9e56b0cf7aa5ec8323cc4e7c6349aee1.jpg,test,f83588b13c3d07048a6b16c85544389beb9c19dc84ab86cb0f3f35249f179a2b,3,0,3,0,0
ppe_0075_jpg.rf.6d4173762ac3d81620619df7602e913c.jpg,test,2484e5f26fa606b38d47f771221536f8910847a00355ac85c4e7bb790a846493,1,0,1,1,0
ppe_0076_jpg.rf.e11f15247f019960a59f3e4c834d08c8.jpg,train,900415960f7e8bfcc5e727a208ee0344b5d0c5b9f31889d5bff33c686b93392c,4,0,4,4,0
ppe_0077_jpg.rf.9f31749b66a5c316a70d1b6288d15d25.jpg,train,5192e79b9cd8f49bcd11c4780d2ae68c0329d349ca59852fb302a40f6a62c9da,1,0,1,0,0
ppe_0078_jpg.rf.fca9ca9e25b25ae707e8b39fc541bb81.jpg,train,649f2739fc53a5e0d5965e3d614e3a47e8d5c0fb2dcf45d325934ddd7937519b,1,0,1,0,0
ppe_0079_jpg.rf.1af70abb57f166af3d925f3bcc3cec9f.jpg,train,ccda20673524cd5d0812f1d3659b8f1c2cb6eac25526790c79d2092d2d2e2773,3,0,3,2,0
ppe_0080_jpg.rf.2da4e754385e65d32465cd327ac57d66.jpg,train,198ca0bd4026b423670c3587901bb6deeb5a83d2ece329ff65130e5246100580,2,0,2,1,0
ppe_0081_jpg.rf.3953b80abbbbf38cbdd8c5b4fcab99f1.jpg,train,f81623c12f67d1e839d64725d5e88a0c29f85f17dc4fce3ab7340ef233a5aade,1,0,1,1,0
ppe_0082_jpg.rf.95fbbaf3851680527503d64f0ae17c02.jpg,val,bcc8c0eff86571805379f4ca1d2eac07f965ddb3fd69523435d91f575f24d973,1,0,1,0,0
ppe_0083_jpg.rf.5e227a1164cddff95cc37cd1542865bf.jpg,train,399450e81920d1ce9e06a27431143c6b0bf5d3cbb7ec36e01740407f08120c6f,1,0,0,1,0
ppe_0084_jpg.rf.333a96fa05d618457c18411aacfd2d8a.jpg,train,7fac665ca568ce612ff7e81fdf92cc9f830fbbf41d03343e55790f6901fcbecf,3,0,3,3,0
ppe_0085_jpg.rf.ddfc7ab1bcc65dc29d1f0f42b0b4f948.jpg,train,045920e4c7e845c1e56b368582c58d3e203f417bdde1c8328a1b9e2dd23ce6b9,3,3,0,0,0
ppe_0086_jpg.rf.46464de1d656d654fc317c98c26e7e6d.jpg,train,b096b475c7c2899d57b644eef3a52ec490a82043b55d51afde70ef484628eded,3,0,3,3,0
ppe_0087_jpg.rf.bd3fc486f3246a1161ad7adb25c8d343.jpg,train,1810e43c82ee8e71454c9dc9b0f6ee3f92f6bd8c92b95411cf5b03511a70e9b5,1,0,1,1,0
ppe_0088_jpg.rf.58ec8f940dfc0ccb0d702f04b110ef8e.jpg,train,ba62270984eb37fdc663515d06a3b083b1e13790951e4922bc1e69a0cf8036b9,1,0,1,1,0
ppe_0089_jpg.rf.8e2de4b7b9945175746f81ad08d8cfec.jpg,train,51b2bfeebb650e8c980d60ca7af6fc95feae93e7ea56c920fa2cf1f0eda825bd,5,4,0,2,0
ppe_0090_jpg.rf.6e80a8a0decb7586e6ee332e646c08e6.jpg,train,9045d74ad40e0aa369eb2299c96d003cfb605374c55d91b1ed6be3ccd2055e16,2,0,2,2,0
ppe_0091_jpg.rf.e53d0d0e668a67b96835149226e66e41.jpg,val,563db76d8093955e6246c145a038185b73f4c7c517a1ebb05bc2cb7e920735f4,1,0,1,0,0
ppe_0092_jpg.rf.3e01044f4ea56258d00b5d31e3e73e7b.jpg,train,5d294652a2109a26c5c5590f294252a0a5d59cb87c991ac847ea1bb04a9a64c8,1,0,1,0,0
ppe_0093_jpg.rf.2d7d7c13adf647766c46dc0b65ae06d1.jpg,val,b0c186d23fa9e4291fc50f05a6e505fc8cc7d904be5bf40c72aa116c97370c5a,1,0,1,0,0
ppe_0094_jpg.rf.873fe19e0dcd59767c27d29078525e1e.jpg,train,8d2555bc0e8ac35a67c02c4947b305cbba9253afffc9986cdef507555f5409e6,1,0,0,1,1
ppe_0095_jpg.rf.4c11ce64e13e2b23eccfd1470f1c1010.jpg,val,150b100427c6ccd1e5f9aa621e4c1c65de145bc65bd37a25040265d5ced4111d,1,0,1,1,0
ppe_0096_jpg.rf.ef5b5ed4d4754b95e5ab80a3569e826b.jpg,train,5ba84f64a65763033563bdfc71f5c0df52b14a01febea756aefb412b93e1c3c5,1,0,1,0,0
ppe_0097_jpg.rf.0e1b25843cc219960df38c873f0c8be4.jpg,train,7355ccbf289071eefd503f52553a580f3a60d1eaeea781c72748bf929fc17da1,4,0,4,2,0
ppe_0098_jpg.rf.d7374693874936d5c84eb665fd7d7d7f.jpg,test,eea6213518db05304ea8f88a198a1c089de7c5ed90c0bdb75735fc1c4fc68d82,2,0,2,2,0
ppe_0099_jpg.rf.eebca1d95c1e5fb777ad7679943b9049.jpg,train,6540dc4be3828acf2f91b49e02cd92659ff2421c465a00b008e68650003eeb40,1,0,1,1,1
ppe_0100_jpg.rf.d1164f3a70f5167a356ed17126d49565.jpg,val,3976e66ae29acb4578075d52d13870ab81fa4c07315ee5b84f27ff1777407748,9,0,5,6,0
ppe_0101_jpg.rf.69ca0c41039148c87004edbaba42104b.jpg,train,63aeb1061c299649b5740c898380d7d086d77376749e8fa837297a5033c44984,4,0,4,0,0
ppe_0102_jpg.rf.b643f02c2be23fafecc0608bf769c238.jpg,test,1b28f282622eb25fdcaf38828cdf4df2c1e657dcb3fff011805f29527a5eadd1,1,0,1,1,1
ppe_0103_jpg.rf.5f438f321885599ff189b133d58d5d91.jpg,train,6b0ecc95b09c0d6e51ba38317d35e7d978099a03173bc62012585c4355ea8766,2,0,2,0,0
ppe_0104_jpg.rf.88634a4fb96ba43133b57de33a5f278c.jpg,train,596f701bc80fa6cb6065cfb8c0c0b1d7da029b66e1a70cc32347a6827bc59b70,1,0,1,1,0
ppe_0105_jpg.rf.b195331ada30bf2029bd4c78f2701db8.jpg,train,d8165688cd3fea0e1b2cf544b997401d292ae805af47c80c09091a025e0713e4,13,0,18,0,0
ppe_0106_jpg.rf.aad1c85fea482ccdc23349a26d4a0a14.jpg,train,ebc92bad5f8c6cb24b611dfb74cc611c25a528d0e2cd87aeb210c4eb103c62a1,1,0,0,1,0
ppe_0107_jpg.rf.0d66fa4f21a59cd9cc79c2adf910cf94.jpg,train,f1e913eafadc16ce9f177e49d596867956d7f525112e46b8eefbf585f7cd9d15,1,0,0,0,0
ppe_0108_jpg.rf.71cbb16d58c5edefc46850692d90b348.jpg,train,75cb3f548b9d6d5598d30ade56e05ed473c80488c2ad2f73aa9ed1b4aee106f3,1,0,0,1,0
ppe_0109_jpg.rf.57573edd272b3203108b0c8ffd4d2815.jpg,val,851ed9c5eba2f711fa86f3a87db49516173252e3d3c1749d39ad76bc702a7a86,4,0,4,0,0
ppe_0110_jpg.rf.c21bfb4901ae1faeb48c7d1cbb28beed.jpg,train,c5771a1b22781d2564631866f351c95f20b03ae172dfae22418fc0f704132662,1,0,1,0,0
ppe_0111_jpg.rf.2061660c08d64401ed58baa5c7188313.jpg,train,3104653ca8e7d6750850c3e292c2c9b0011d9658ef555e2ef749715f394f6df9,9,5,0,0,0
ppe_0112_jpg.rf.311ffa1019eef6571f552255e7ffc35b.jpg,train,ddd8a7e54a5d3ec4d747b1fa8867a3b3dd56527f58b49bd0fbbdb0af02059181,1,0,1,0,1
ppe_0113_jpg.rf.c5851306c6425937628156c15767845d.jpg,train,e95d66a72acdf5a48b45dfdc1355613db3a16e3a0e7eda7722cf4b3a065d9d24,1,0,1,0,0
ppe_0114_jpg.rf.86fe38dcebc8fc9c484d780bb17dbe65.jpg,train,1284457b13588b8b06557d780a2ab8bea592a05ac7aed7d457d5742137fca115,1,0,0,1,0
ppe_0115_jpg.rf.41e497ef5da2a08bfad8a12413d532f1.jpg,train,a904baf33cbe09635459f0c84c6cd9d5839795326e9cc476c75a0c4d50e7fef5,1,0,1,1,0
ppe_0116_jpg.rf.cd84930f4d2b3f2833e7243de5aa85cc.jpg,train,a232cc743ea72904d33d4abc1cc78389c99ea6fcf861e0ef66dc839394477c45,1,0,1,1,0
ppe_0117_jpg.rf.65ff06473d6017fde9aa5fcaa1d80ed5.jpg,train,c2874dcf8538a2055971549aa00ed68df2101c19f0f4093420aa2879696a8f3f,4,0,3,0,0
ppe_0118_jpg.rf.bb2d09963ace8ef4dc9385bd78bb2f63.jpg,train,dc80e00dc7a8735de9e412d8f6917e6f2b12b1bec2457e2ccbfbc72ea8825665,1,0,1,1,0
ppe_0119_jpg.rf.7e4c0b722e522d6eec08e2be90896170.jpg,train,f32d3c0072af5d56f0c4dad49821e682024e8135232d7cb4316a81c552efba64,5,0,2,2,0
ppe_0120_jpg.rf.b4c9c8da2d278b6c789abd1fd3086d22.jpg,train,feaa64cca03960fb47ac0ad3e59a960b9284e4a837a51bb46e13720e1bfa8678,1,0,1,0,0
ppe_0121_jpg.rf.1638c2b52f2f62baac6dc534631c43d5.jpg,train,f2e369f6dc90fafec73e459f3d44414012562969a3d67d6700ba6fb28572c781,1,0,1,1,0
ppe_0122_jpg.rf.a6ff5e480e98930e9791f448063c4414.jpg,train,d3af1fd1d55eb3cd0af519fd22c2c1ced478c889d81e27a714e138055b906050,2,0,2,2,0
ppe_0123_jpg.rf.6a6014ec0b18663bfc7fb005194416c5.jpg,test,90c01edeef3dddbf88c0a4657bdc57f631ec485f89f6fbb8ad2be59283c30875,1,0,1,0,0
ppe_0124_jpg.rf.d1a16343dc83dff118377c6b3659b4e9.jpg,train,a5a22b0101330f321887e4648c6bbd8062b7ab19eb6b44cb75e6c4175d6d24d0,2,0,2,0,0
ppe_0125_jpg.rf.63abb0e459635346c836655df0f228d6.jpg,train,742b274eab4d1367caab25349cd9c84444232fb46040f02c19c0579596136c6c,1,0,1,0,0
ppe_0126_jpg.rf.257afd543f6cb7febbb33f9b8aceac96.jpg,train,e1be300fbb70973b9ff9d6b0edd489b5cfc934dc956196eb8d72fe87ece241cc,1,0,1,0,0
ppe_0127_jpg.rf.2accd1623f4eebb3f39f18119090a689.jpg,val,07684fd8b01b4ae37206dfbc4c6d9bed3bd72ced7fabd1bef4aed67a0f2db5b8,1,0,1,0,0
ppe_0128_jpg.rf.8a23162dfb9342bdc3d740734d2b75be.jpg,train,6fbee27aec49639020bdb222849021411c840889e8d1b3640a7e87c6a9780f08,5,0,5,0,0
ppe_0129_jpg.rf.f8cca86b5ffbdf79bb1497c5545dbf47.jpg,train,9867e1961eddef328af4d40895546d45ff262bff2a301f8eb0ff23ce229fc54e,4,1,3,4,0
ppe_0130_jpg.rf.b223883a9304cd730960534f4cc26050.jpg,val,b91be9950d6d073b528ec56fcca14e5389b35eb17c30fc459cd1b2ce4e98db6a,4,2,3,0,0
ppe_0131_jpg.rf.43522479eb6c90708407ac54b4e7ec38.jpg,train,a890c7183ff27fd7825422bc98088e5aee131bb8794d43c925fc9fd1975f43d2,14,1,9,0,0
ppe_0132_jpg.rf.8ce766b3b71228ef1ee753ecc3d2f0cc.jpg,train,4f6a8d04cf1a19f05e88d649fc82e8b0e39878fb3cb0220c68478893addc7eb1,1,0,1,0,0
ppe_0133_jpg.rf.4e06f518268fc4ddb07959dccfbff073.jpg,train,9a5af986a84361182d9bed696f62dfdc9daf2872eff9ba3ad4d15a5624bb5814,5,5,0,0,0
ppe_0134_jpg.rf.ea684e2f7774b9dd8ed4d5149e53f0aa.jpg,val,660d28367b129cee15c573b854f0d79f255c58c1e2998a16e00aeee7d29aacd2,1,0,1,0,0
ppe_0135_jpg.rf.1dc86e32e1311c8af7066341e50beadc.jpg,train,9f802913532567373174e977d5bf0047f4820f915735a8d8fe5f3311e8466bda,4,0,4,3,0
ppe_0136_jpg.rf.6e38f6ba2d9730b1996a1297110753a5.jpg,val,1432b3ec235dee8e5cfbea32165a3a5a2cb22911258b3107b541fc1fa0979c9f,1,0,0,0,0
ppe_0137_jpg.rf.75cdcfff0443fc7c0ed89bb4d37ae93d.jpg,train,fa5ab09f80571188930794f9fa94d4b9d99db751a6a137e11c52e2b0ecf492da,1,0,1,1,1
ppe_0138_jpg.rf.2d0e2bc35f3ffd6e4459f58a33ae5757.jpg,train,78188b22b352c762f379bb9e6bab029c1dcf98a33365e3ffdeaa5aa0dcb482cc,1,0,1,1,0
ppe_0139_jpg.rf.6635f6061c4a4f350b81eb5a5467dceb.jpg,train,42b8eba31163bac974e988d2dff9bf3b0ca43e197d3a4cd6352d44ac0a3c8838,1,0,1,1,0
ppe_0140_jpg.rf.63e5ad4307156e9113dca39fa6e669a4.jpg,train,ae601273f7d61f5ca7bfb3b42b5949410a2baa5d9ebbc584b35bd88d52891ce7,1,0,1,1,1
ppe_0141_jpg.rf.851c21665a73d7d72fa473f43d5e111c.jpg,val,3c1269157b67ac01f914dc50e41a35468cd849931205aba9e3e22207a79d5aeb,1,0,1,0,0
ppe_0142_jpg.rf.61a49f087f7d7cb8a60c2d1d5384ad08.jpg,train,3cea5edbd046c61116fd0b56e44e5c714a8333c8bed446bd777eb453e90cc938,2,0,2,2,0
ppe_0143_jpg.rf.9b99c4019927fb3c21b69582051ba306.jpg,test,c36963701ab73ce3f6603bda7ff090f1b863c7f4fd1d4b4eb2f3d34bb2db7562,1,0,1,1,0
ppe_0144_jpg.rf.156f9886002fbadf92404799d6336a24.jpg,train,e2c66f1bbb7a54c7fa511d793a43303770764a65b699b219dc76e1cc77014bac,1,0,1,0,1
ppe_0145_jpg.rf.aa43054d09ffa553e1425aa984ef4b62.jpg,train,a5e7a0053e34bc2dd57df3384b8a3835854d15aca221a9b0ab2189db01e733cf,1,0,1,1,0
ppe_0146_jpg.rf.19e6f26c86703c575a05f2ed19da6d59.jpg,train,124a3c0c406394082c9db541ec8d29b981285f73590035d55ffb89ae1a829378,2,0,1,1,0
ppe_0147_jpg.rf.d892068307efbb98783fbb51387211c9.jpg,val,f38bbfddb4491df81a7d282f52176b162d6cfa8d71499f683f28ca45c7beeaeb,2,0,2,0,0
ppe_0148_jpg.rf.b31ae001a73050de81e928e57dc7a99b.jpg,val,0ed10af41927d6b3449479b74f331237c8b9a9cec519d057d49da4fc2bd265e1,11,0,10,8,0
ppe_0149_jpg.rf.60f422dd25d3c5610d3b386d45272618.jpg,train,b63ecfa2e3f429f98cb03263fbdd3ead8c804822cb3570eada5b00ecd9e6e9e1,8,0,8,8,0
ppe_0150_jpg.rf.cef54f0696fec75281277e0540f38574.jpg,val,d88848d94882d3fd7c80bd367bf7371287a5494082fea40afa1c2a5ac1bd00fb,4,0,4,4,0
ppe_0151_jpg.rf.096c94c4c6d81f3dcf0a08232e9831f3.jpg,train,a5fd736daaaf9834d0ee36a1166762d014ab310f9c7854bd2d1408097e104d68,1,0,1,0,0
ppe_0152_jpg.rf.408478cc9a6ed199be89a365d5c7a55a.jpg,train,c98dea7ab9efebae9f34b60163f942473d98785320f0e114f5e63d22fc8b56b0,1,0,1,0,0
ppe_0153_jpg.rf.ac848bdf5bf75975c3f5fdd0b486f4a6.jpg,train,ffc5cae59c58a1726d429748aefc5ff6923c37241a7710aab621fdff5a0b2bac,2,0,2,2,0
ppe_0154_jpg.rf.c4d4d7c2ad6c7f4d47ce7f5b4f0717f0.jpg,val,dcf6c3e96c816ee5257b29617655b3f1ab3bd04e5a156cb206b615289fce4633,3,0,3,3,0
ppe_0155_jpg.rf.3bd22ab0b9c4457b3f0dc562cf976b69.jpg,train,2e10bbf6da03d8ff423baef9d7612b7958f4bd7a0980446037f2f2c678d6c494,2,0,2,2,1
ppe_0156_jpg.rf.09d0b287efe6a4adc0f667243168f000.jpg,test,520421c20cc1a4b423c17ff3acbc9f635b80e696cd845d1938fc3195473fa9e9,3,0,3,3,1
ppe_0157_jpg.rf.7670c815d8b699dcc65f200e1ad7aa33.jpg,val,9b2dcf54eb2ac7667ff277784f20f0b110d64063cbfa2fef0a945cba9a3e9de7,2,0,2,0,0
ppe_0158_jpg.rf.63c9629b70d516a225ebb2f2c2b96bdb.jpg,train,8fe6c2cb5c48d77a83853df5d7bedd073a375c066b1da3983de0d606f0d09064,2,0,0,1,0
ppe_0159_jpg.rf.4790875d64d813f5fc484ea4cb7e1636.jpg,train,ad3fb36b70ea35223bf1d135475aa52dbb7ef79c5df1b9e4798f4921b87b504d,2,1,1,1,0
ppe_0160_jpg.rf.d741ae338e5e59dab39c402ab6042ac7.jpg,train,eec516a6b0f4d0f5e149b44ad2530c2e473e2cc4f8dba97a2658a2a19f3be817,1,0,1,1,0
ppe_0161_jpg.rf.38731c7e046909fe5c0d63bdb59671cc.jpg,train,434052a67ef6dccefb17cf2cd3b1086e013701c915481a301b65a4b116e0730c,5,0,5,4,0
ppe_0162_jpg.rf.d90b6f4a34f483bcc59cafb7b1d7de26.jpg,train,d57f4a52585113b0d3c69bff27da1f4c09a38123e961ac964a63aa5f93e036ea,1,0,1,1,0
ppe_0163_jpg.rf.e6cd994d7925e7ad56a337ab1c8a7366.jpg,val,339a78589839961bfeac9d65b002a150e65e476a7d25802ba76b8e70a93fda23,1,0,1,0,1
ppe_0164_jpg.rf.a51d18bcbbe397eb5328406eb47cfed8.jpg,train,19441b443fe716a7cf4ebee20b9114c2e98b7204722de7bdb921171da314edab,8,6,0,0,0
ppe_0165_jpg.rf.ee61ae32df47297a2979851d2ef85475.jpg,train,c3bfb807c015a2e071b62967ec1ea790161e15d9821e02639531eb07d1c42cee,1,0,1,1,0
ppe_0166_jpg.rf.e24da0c3fbc9ff92b7f914418cb29329.jpg,train,2394f87caa3f151f28c5bdefaea7a4b8badd15c437893ebc4c5f0cf835841715,4,0,4,0,0
ppe_0167_jpg.rf.a42e586cc02dbecd0a793addde9991a6.jpg,train,fa0b16dcb90d0cb6ba98beb864e940fbb57f788b8f74ac2f9cd8a2d5a4745ff3,1,0,1,1,0
ppe_0168_jpg.rf.ae86275b7784283cec5af6d1eaef8b08.jpg,train,cda0b1fd70a0d8e2414395920af5957e573ffd7a7ca3585ded11e42898c785d5,2,0,2,2,1
ppe_0170_jpg.rf.69f44eeaed18b656f8e2b9fe18df54ae.jpg,train,f5e02111a5fe28f804f1ca2c9ca270681d471c3a9a606457507fe91a93feaad0,1,0,1,0,0
ppe_0171_jpg.rf.c9d2521e350fcce009815c3daaf4cf61.jpg,train,7909fe874878dc3e3b4350915d6ef674fcec89e047b31a27f6970d9afee94ea7,2,0,2,0,0
ppe_0172_jpg.rf.187ef60f9fec2bd04d976f14b35a63c5.jpg,test,d8b9bb5410e831ac70f11a8d262480d778b9279ef289bc55b32ed52a2f1fccbb,3,0,3,3,0
ppe_0173_jpg.rf.d3900d48d4540db49391095fa5c092fb.jpg,test,ccac4f1cc21d5c70fb55c491c64af6000506f3148b718777aa54be8c30425192,1,0,1,0,0
ppe_0174_jpg.rf.e62a0047083896ab125d928ec6c34949.jpg,train,a2aa57d542e463d4a84f6bf39b4b7e1dbca13be2b79ea624aa2b6589d1c3cb5f,1,0,1,1,0
ppe_0175_jpg.rf.087a7a9b1351425119322b87742407d4.jpg,train,c982c5de091d13939d559c51026e8e37be8062afd93023ff199e47652d698887,1,0,1,1,0
ppe_0176_jpg.rf.126abf8e8a176f35955d05631f19b3db.jpg,train,836807f5775e125c0a639bdb675d41edf199c4b108c8815c7028b3f84c3b9e7a,3,0,3,3,0
ppe_0177_jpg.rf.54a7a5b403aac102bfd42c323ac00312.jpg,val,37869dfb65bd109e0d6661f4339b75de5ac8186c868cf68d548322bce7643b78,1,0,1,0,0
ppe_0178_jpg.rf.a32e751eaa703beb696ab2bcdb8252db.jpg,train,3891537354248f4c82c53c593b787ec8c4d598a04bde831e9b4dde5d07328e03,2,0,2,2,0
ppe_0179_jpg.rf.a42152bc92c20538ccbc39e0886a204c.jpg,train,f2282949d1a0d56c823c49f587c955de350a7221a30d64cb1d9e210057b0934d,1,0,1,1,0
ppe_0180_jpg.rf.60ee78c31a295f185cabab449e26dec4.jpg,train,b6c1ceed2d4cddf29958b09fab25f54c99b76aa7080d4ba5ba961b157700eadf,1,0,1,0,1
ppe_0181_jpg.rf.7f62844fe550a850ebf743e309b08a27.jpg,val,9b30c7113a15a6a473bdf1bfd88a622e257c1fc962fcb9900dabb203970b1d3b,1,0,1,1,0
ppe_0182_jpg.rf.47118137aceeb1a9ec7f0b99bd67d675.jpg,train,78a828ce70551cbdc98436453f0dff53b0527e381939e51f3cb6eea0fbf5e302,1,0,1,1,0
ppe_0183_jpg.rf.4b82075808e5d4b547ba41d1bf865710.jpg,train,64b8b2b79787abcb4e03bf2602319e84445132af00052cc2053123136277c669,8,0,7,8,0
ppe_0184_jpg.rf.1d0b63854e2648cf0b23c3acde8fce60.jpg,test,c8f558928b2ee6d8277258473594af0a149302dc1e21126e7fdaf21f47f48b34,1,0,1,0,0
ppe_0185_jpg.rf.c3d22cce9fd3302475082731455199fe.jpg,test,0d9c338d9dc22ec3724e5373f5d7e682912d392ac231dd770437c87ef43a5acd,4,0,4,4,0
ppe_0186_jpg.rf.df0c48ad01e2e02fb6b94b937a3abcc3.jpg,train,74bed60bd068879c747a87a2effcba74eb7e245c6925d3f6987e89c2a7dc8081,2,0,2,1,0
ppe_0187_jpg.rf.7600f9227c362decd0a0c4c054db3bc4.jpg,train,1175c30a9dcd094913036c1936eb7d662a299a7f5364d03da9f2487b8a1a10fc,8,0,8,7,0
ppe_0188_jpg.rf.2b8dc042611b064c61e7b948798d82cc.jpg,train,f0b2ac6bb10a78f17060f6974168434f6ab6bbc187d9abcc3aed03a717abfe12,1,0,0,1,0
ppe_0189_jpg.rf.8cf290e8e8408f5e8c1eb160ba4a2df7.jpg,val,8a2a968cf6345d6496e40ade3fb5baf561cdb111e6c500540e9df14973703239,1,0,1,0,0
ppe_0190_jpg.rf.badc3ca960bc922012c5c9bc5774ec9a.jpg,train,d4312b36efef9adc32aa310f5f383f89f60077f4b2f109a2907ef5bb7f30c3af,3,0,0,0,0
ppe_0191_jpg.rf.44ae72eeb3e4d0d8767cb33e1665d345.jpg,train,a95925ae9c8fa2cb9090870492803956e44afd7e09e42b792cb1f34c7f77f3bd,3,0,2,3,0
ppe_0192_jpg.rf.6d1db86c8e0c94fefdb2e3220bbb343b.jpg,train,0e6fa775ad9b285f71fe23d96c26bdb0d89fe531e28d1df1629c3c45ef640a59,1,0,1,1,0
ppe_0193_jpg.rf.0705cea6bea4c33717213a8daa46d095.jpg,train,8d5c74b36019b8387d1543e0b20a028916d2500c1d05d756abcc47be22bdcfb9,9,3,4,3,0
ppe_0194_jpg.rf.0417eed70d6ee863050df0d9b2fee2a7.jpg,train,21dbbb97f8a26d79cef9d5b3b3631a5840de6985701ac0d8537202ab5d0e0122,3,0,3,3,0
ppe_0195_jpg.rf.13cb06fefa60185b65f544aac27e0628.jpg,train,232b9c567aa5514bb4be10e6a1e7a3ff83fc5e5dd61ba2be2ffd182648aca30c,1,0,1,0,0
ppe_0196_jpg.rf.38662f28b2b3f00bf6a954bec4d95fa8.jpg,train,b9511af3cf332f19acf79993fae6449a3dcf2a7a19025bb8b2a7f8169810ef56,9,0,6,0,0
ppe_0197_jpg.rf.ca5b504f36f345d76fc74929a6c233b8.jpg,train,83413709942facef2d96c941c740a4747c7e73fc4d13e29101ebb05be8d3e26d,1,0,1,1,0
ppe_0198_jpg.rf.a4977362bf9294c6661cab2e5a3c2d0a.jpg,train,6604c5f7c021c234ae462fa4bde9459b2f5ec3cbaea76b17be838ee0ab3866ca,3,0,3,3,0
ppe_0199_jpg.rf.fdeb443d5d95560c85355fa5454327a2.jpg,train,c89bc1efdc5d7de9de2f9d282c82cf35eaf3ed9b0e338efd7b58eb06cb7d82fe,2,0,2,0,1
ppe_0200_jpg.rf.d4741aff1ffecd614f61ec2bf8174b40.jpg,test,262090f6de89e5f0f42c1c7d2177295517c6ed2bdb56b17f72c9beba4ba41b08,1,0,2,2,0
ppe_0201_jpg.rf.2b45b0fb03b6b4a71f60c4abe95d577f.jpg,train,9ec44cbbb25917940270d1333614fec45dd48fdaa137f79ad04db514790b05d4,1,0,1,0,0
ppe_0202_jpg.rf.09858d08afda138492385523775d8e5a.jpg,train,3d6b33c0c1304af7212972d72ccd47d6c383377884c5abaaee8542cca4b55126,3,0,3,3,0
ppe_0203_jpg.rf.ca64c67c62aea5d49adb54ade769338b.jpg,train,626041954748efdefea5578300c5e8261bf660544afc403b7cd0dfaf5a10c948,1,0,1,1,0
ppe_0204_jpg.rf.febc4667ed9877eda725757a3d223c1c.jpg,train,2281126d06e54ebe7c4f562ac13a65e11b4c352aa776551c1d8b30cc83c1cdb8,1,0,1,0,0
ppe_0205_jpg.rf.0e9c5904f6685aacaf2ccc7ce5c62cae.jpg,train,dc358e1b777ef31eb85ac54c27e74571197ca4a65edf1b245860d8cc3154bce8,1,0,1,1,1
ppe_0206_jpg.rf.9f4bf965c4e10f8e8133f49b977e6ab7.jpg,train,bc31f2519969bcd05cfa11a4d5c70d551098a24a573c4382874503757070dd14,11,0,12,8,0
ppe_0207_jpg.rf.a029d08fe48d0e5271a969e85c4f5026.jpg,train,4b844602c96d67fbb4ca28019372efdac29d98cad91dd18a691e712a4d2f2656,1,0,1,1,0
ppe_0208_jpg.rf.2b01d52d462211051639766648466beb.jpg,train,6f828196ea48ba0d327044d68343e68e05b631f87d88198ba29b952832c043d2,1,0,0,0,0
ppe_0209_jpg.rf.e88b3a166c4d71b22866b9adfc2eb7a6.jpg,train,7012b18574e63c54cd5589d296c2407308af0a700a2ff12375a14ec7e06ccce0,4,0,4,4,0
ppe_0210_jpg.rf.6895298a318ab9496a9abd658d571c97.jpg,val,dfcd84106b72f6acd7d036a19f8dc09f5e32e34c900592efb65cf2bfff1ab973,1,0,1,0,0
ppe_0211_jpg.rf.566df8bd8b4d71d71dc61b191c628c54.jpg,train,2525675449e50da8ec9029a3e25e578cff7e1234c2b16bed073339fd7e046c68,1,0,1,0,0
ppe_0212_jpg.rf.b980e5dd191ea2fcd99a39d240dda0e6.jpg,val,273d0e7f392882014733319a819d822d1f12cb243f3f523e5db4291fcbae85e1,1,0,1,0,1
ppe_0213_jpg.rf.79d9c70e89cfd593c74474d842a9076d.jpg,train,0227ce13870088c869809094cc4b777482b5835a58cbd99020a1251b24214677,2,0,2,3,0
ppe_0214_jpg.rf.53873bf0e569fec935760ba554a05dd1.jpg,val,38002df711f5e36eff370276f706d2f9b57af3a95b523ed24b0d9d0728e27f09,1,0,1,1,0
ppe_0215_jpg.rf.974b17a32ec8f7c40b08801279527bba.jpg,val,024358a173e08ff062cc97e6eb8a0e4a2f7181a76fe74a4b22695b86bdfedba9,0,0,1,1,1
ppe_0216_jpg.rf.8e7f4d0104c62202aa12634be45e85db.jpg,train,ebfc5aed7c0bade7149e5f8a0422ce66227f49d40586cc42de8be0a7c18c0500,2,0,1,2,1
ppe_0217_jpg.rf.ed1241abb010645381a672303d219e29.jpg,train,679cb1d57cd551152ecd8878d53191c0843f3813237e26fe2c46f2024b61396f,1,0,1,1,1
ppe_0218_jpg.rf.dc8f9b80ae858fd77a63315ce8fe0a41.jpg,train,f804012da3a12cea816514f11f13e49353259f173955e49f54c848169b225951,4,0,1,4,0
ppe_0219_jpg.rf.a0cfe143ca99ad47ac7558c8a53124a1.jpg,test,8657e49bbf93b7706a7d5f777f64038e2985f4a2b9561ff50d180d83379b61dd,1,0,1,1,0
ppe_0220_jpg.rf.54eebcb28fa2185df92cf2b6ed4fb2cb.jpg,train,e5e89dc5d05935c17be62e43ae8eb3a0dc70f36cb6f519c48a60d2d7addf416d,1,0,1,1,0
ppe_0221_jpg.rf.225b49513f0956af69e39076810c4058.jpg,train,e43cb9a1cd3a3802e6a524b5e64cd7359cae6455c453e3a7ea6b4c1ae0ad7995,1,0,1,0,0
ppe_0222_jpg.rf.bb433b4e9b87a4a3b46b235e765945d4.jpg,train,357ac41f512deaecf6a67f579ee24a7cf84bedc766dd7d5aa9b24c5f2a7f87bf,3,0,5,1,0
ppe_0223_jpg.rf.76239986e750f06fc4a603ab1f7be961.jpg,train,4a9208bd7b8c634bca9754293a00fa42d8221f055d271a2bfa7981a1c230cab3,5,0,6,4,0
ppe_0224_jpg.rf.3eab6eca968849052baaec8e11df19b4.jpg,train,0b2c88d546f6ebc343b8c33a155ec5f282c2530727e3cb8a310d3291ad385ba0,1,0,1,0,0
ppe_0225_jpg.rf.c6bf36937649a856033a4d89d5b7ae3b.jpg,val,c0ee124fa7b1abe456e04f2297068b39b2617bf3efa3ea933c542c65a41a19d5,1,0,1,1,0
ppe_0226_jpg.rf.e9e96d32d6fd4605fdb887f299ee7831.jpg,train,e25d453d5cc88f8ae4bc6fdb566ae9f66af43f3bbcbf3d1646a52cd82bf45713,4,0,3,3,0
ppe_0227_jpg.rf.1a3488290bb54bd6abf93acd6f0e1250.jpg,val,2e40b6a696d8470b3a97c6eab194de7cda7583a253c26c45454246658f146306,1,0,1,0,1
ppe_0228_jpg.rf.3eaea17b02acfa9d6d0a2deba0111bcf.jpg,train,f0110e991203427c795fad18a6cd0cfa8d1523299cde8fb2d20c295945cb9cc7,3,0,3,3,2
ppe_0229_jpg.rf.2c229fdea27b38e98b2dce5cf6cdd8ad.jpg,train,64536b7a8dfa8a091d24d84d2b90346f61ccf598697594737c621358a39c6b0e,7,0,3,7,0
ppe_0230_jpg.rf.2972e62db623143a30a361d9e1c4fdf1.jpg,train,a87d140966162bc0c027e8d45b13efe1174a1c13139b03662f32b2a58aa26960,1,0,1,0,0
ppe_0231_jpg.rf.e0c734d4d4048af2ff35def635a026f0.jpg,train,1e28afe65fd1fe032adee7596e3617115c631b35aff93b73e862198c44bdaa61,3,0,2,2,0
ppe_0232_jpg.rf.d63a7961293351e86d938fcf996dbee9.jpg,train,40fb4b751f30671657bad19b76d4199c7ce846af455c0cc9095d72a09192edd1,2,0,2,0,0
ppe_0233_jpg.rf.27768be0ff13a796ce447f7d8637a564.jpg,train,486874f62a75b7148b347f0914f14dde615333a409d8ba2b2a3afb0b88db3b39,1,0,1,0,1
ppe_0234_jpg.rf.696da0acb1624bae81db26179c4eec52.jpg,train,1c6409d3dec24f7f87d6556ee8bdcc8bc31926a6c276779399c1272e15465a35,2,0,2,1,1
ppe_0235_jpg.rf.4f3c1c8298c5ad8a5361810964cd72a4.jpg,train,93f0d1a23353f0dd3fe9eb27f40c923b2d3a7ac1f7f6a4c170ecf10ef3465c84,1,0,1,1,0
ppe_0236_jpg.rf.e5fad7404f726545b02095300906bddd.jpg,train,52cc8bae68c671b9d8defca3689d9190dbf6f42e535a65be6d106e42bcd3c9fc,1,0,1,0,0
ppe_0237_jpg.rf.1f396573bb060114b2539635939c22b9.jpg,train,e421653d4bb287c8eadb08d6e9ba39bf294e37611fc126b8ead5f058ce56cc37,1,0,1,1,0
ppe_0238_jpg.rf.0ada2c86e158cee7c97be000137a2f2b.jpg,train,bf02edffde174c9edf072c8f14881aba744058d0a6a54c4983b77ddf07f5f53e,1,0,1,1,0
ppe_0239_jpg.rf.fde427827ec5939731f1aadeddc1899e.jpg,train,e515c56c3ae6aaffad4a3f986a445916c48b4a41590298c275d3d693fed459f2,7,0,5,0,0
ppe_0240_jpg.rf.f5d8f19027413bfe755861a184b5592d.jpg,val,df2e4b47ddce471d7ee31a908a251aac41968da484414039d2db9d0dd5552ed4,1,0,1,1,0
ppe_0241_jpg.rf.c52c94acb0ab52b2e537a6659d3b2819.jpg,test,7b3918f110f6c38413aad90e73bd14d9065fa460aa24632579887d784f66dcf8,2,0,2,2,0
ppe_0242_jpg.rf.b5dac218ce5ac6f32ca2c9e23f145976.jpg,train,efc85c1cd4f5207d5b7150a0bb36f63cf2729e2414e44b90ec44b3af4814fbc6,1,0,1,0,0
ppe_0243_jpg.rf.88a477c11ae74fef4f953ea1175bfd84.jpg,train,c4e857a0674f3d796f7128e9cdf3f09cfa88d413f3031fdeecc026d5b25a7c33,2,0,0,0,0
ppe_0244_jpg.rf.9f755e1c95b20f20f5723a9e5f46654c.jpg,train,1fdf051b86804377e94d91d7a43283dee91596fb1635a783de9f4817809d3171,2,0,1,2,2
ppe_0245_jpg.rf.28f8119592a7342f5b335d57d9c1c4b2.jpg,val,fcbc6c2f66ea95c06a5ac95d49f1ae45377c9bdc6661e3b551014b5b877b159c,4,0,2,0,0
ppe_0246_jpg.rf.a4e16f8def2f9e9eb9ee9d4d8e39fa5a.jpg,train,6a105a13945acb0d4b5f7a6721dfe2d677863d0cf95f7efeb7112c175272a0b3,4,0,4,0,0
ppe_0247_jpg.rf.5e689ef1133b6aa56bcd9d346c6eabef.jpg,val,5e3c6cbd39fca04aa7736712371fc78c3f60900d14af60db4b3c57a57cae3c43,0,0,4,0,0
ppe_0248_jpg.rf.0add187a884ca582d0ea460ba7ea03e4.jpg,train,4e0c5cca313b33afb76db604aa5d9c5d80cac3f2314a7f1844da840774d86938,7,2,0,7,0
ppe_0249_jpg.rf.0032c1ec81ff90f243fe320d5e47377e.jpg,train,0ebf80f5a831b31475bf4b40783833eeca15d25102dbc047e3776f3f55c4a77f,1,0,1,1,0
ppe_0250_jpg.rf.c36867ccb2238c1f49a2cc77c8cb4872.jpg,train,66e6e892841606781b919740d69991ec329318e0beb29f9949453be6ea678226,1,0,1,0,0
ppe_0251_jpg.rf.50941282d4c1249b3fd8f940be9840bd.jpg,train,2ea6d94b261a1d5c2829838f2f01345542c098c77065c4e1cee843a40c3ec987,1,0,1,1,0
ppe_0252_jpg.rf.2d723dbdd3b901e18d79a2791a3afe55.jpg,val,2214c19d3f384f40707fc40e48607c6daaa261f67145ddb30643fc92969821a4,1,0,0,1,0
ppe_0253_jpg.rf.415e9367ccf7e342267b21c14d7264e5.jpg,train,af60e5947596884a00fac0b62a13fea0b28fae3b8fc9fb2e01491d0729396bb9,1,0,1,1,0
ppe_0254_jpg.rf.4dbe58d41bd0f4db7848599006e38e3b.jpg,train,089f9d518b06b7dd3cbeea7efca6172e3f98ae8e7d368409ab321adc8692eb41,1,0,1,0,0
ppe_0255_jpg.rf.4199c51212ee57e6b547470b09d3d0f5.jpg,train,8b4f3237adc38dc0a386504a3390c8527e9bf8e8f8ab566c9b2324318f12134c,1,0,1,1,0
ppe_0256_jpg.rf.8a136c14b82e14af0cb78da8c278e232.jpg,train,8de5d3671795c3979dfb78eb7c353104b49448bc0bf5ea5d81e3193ca3dbd16a,2,0,2,0,0
ppe_0257_jpg.rf.6520051ce673360ecaa5e029af6ed3cd.jpg,test,62e7559e5786e2207b9775ddc01859aeec0c8d4b98cfdcefc7a0c171edb71142,1,0,0,1,1
ppe_0258_jpg.rf.11029b244372e199d147058454891c3f.jpg,train,00f1a813f20fd8397b7592a398099c3d9267d4898d4e138b86068bab82402f01,3,0,4,0,0
ppe_0259_jpg.rf.151fb230889c0f15a45376712dd058a2.jpg,train,4ea0833bcbbc27a73afc433b01ed00901f25d665ea52ce31d4c2733b4260acc3,3,0,3,1,2
ppe_0260_jpg.rf.44a49423ffa2c452a5c48ab68d79e2bd.jpg,train,77ea8b2172a6bd6c514d639e96dcfd81032350d19f70d4d4ad645b718b3149a4,15,0,16,11,0
ppe_0261_jpg.rf.b9a008bdcf4923643c14be65d1daddc5.jpg,train,c9765bce858377c2fef0c7d5d4009230bb3f1018064361bb6f1fc391c6601116,6,0,6,6,0
ppe_0262_jpg.rf.c4038d84dce8871e3b610525a17f590d.jpg,train,4835604f17afbbc8fc196c65815d45da76d500f28566504d81ddbbffad4681a4,1,0,0,0,0
ppe_0263_jpg.rf.083436039e3f15b02c31026f9356e78d.jpg,test,ca138cef0a055515d06f170e9c7f5b26decf059c601a48cbef75764040c411c9,1,0,1,0,0
ppe_0264_jpg.rf.4d51efe8d623111ee14ba1cc40169eb5.jpg,val,fcb1a94768a79b0f40e2b84bac31f136fb019461bd451a2d51aece842b70d166,2,0,2,2,0
ppe_0265_jpg.rf.d83c0fe6ee165c53ffad3a5038ffc5ee.jpg,train,de408acbdd43702ca663ff19a3df68a0c0a187dd7f85dec9d3492421b965ea21,5,0,2,1,0
ppe_0266_jpg.rf.c31657805ff90c826dee645650c803e9.jpg,train,e1365e1acc1cd7bbb892b674d57ab223c6f03baaf4304712f78e947fb6e6a97f,1,0,1,0,0
ppe_0267_jpg.rf.36bece193d52639e2013c7926a5878c1.jpg,train,bf89b27a99e5e9ea04b18febf22895919ee08977fc372f99d4ac5dcc3c856676,2,0,2,0,0
ppe_0268_jpg.rf.d6856496d13907624542ddaaf1d77e67.jpg,train,077dbd6c7292ee5be7670772f62e61e06773d422e11a0b0e8ecf5c678835fe1b,2,0,2,2,0
ppe_0269_jpg.rf.80adcb01283497a7dc8ce7b1c13dfa3d.jpg,train,e24e685bedcbf62bf7c2f08dc2a547d2aef778d716d8887a7422503237a2d290,1,0,1,1,0
ppe_0270_jpg.rf.e4d02caf9b7cff5e6e1b30ce3fed4983.jpg,train,d927992e8fda5d7d59b4c1accdfb661cca1d87985e198fc0ede4d14d98aa8783,3,0,1,1,0
ppe_0271_jpg.rf.eff070ec06e9a584c6ffbcf779f59531.jpg,val,f5bc07ace05bdf4ffe84fe494569ec7f868aef6f2ad87d8e6ac910198ed65971,3,0,2,3,2
ppe_0272_jpg.rf.150d4eef22f7cb3fd3f6b0d0fa67e783.jpg,train,5dc5bbc336e796a962221e5c45990a2b7895430325e30008664b2521b8b5cd8c,2,0,0,0,0
ppe_0273_jpg.rf.315b0c11dce5586142ce9471a77c04fa.jpg,train,c0655e4318fc9e13cf0e0789a137fc7e9401005a5eb4b4b6088618cbe4910168,1,0,1,0,0
ppe_0274_jpg.rf.21fe59da6255ca9c05a7f9f0863b9642.jpg,test,72d2bd3969aa380a481bf51d41366385b44ffc10e42fb293f065b7daca28833d,1,0,0,0,1
ppe_0275_jpg.rf.f21ab74c3ee25fcf2b8e530a0acb765a.jpg,train,92a9681c1a860e62a51d9af91568c7d8fefadc9b133ce52972a5feddc416abec,1,0,1,0,0
ppe_0276_jpg.rf.d33fc39f163732a6f36de890ebe2dcc0.jpg,train,4bb9ca7877f654ea0849539d5ccdd80e3805d7f03e6a3c21e3351170c7974ad9,1,0,1,0,0
ppe_0277_jpg.rf.d9db89f42c03dabbd45075a84e7ae1b7.jpg,train,3f57488a782093d269f2a8d136db37b094aef4c92f77ad6fbe537eaee3cf4915,1,0,1,0,0
ppe_0278_jpg.rf.b0221ac1ec9308560ab5ee48fb183d3e.jpg,train,1a5a19d2105e3aa19dffade71cc77612f4a2cdbedc3491b41b692c787e8b9f48,1,0,1,1,0
ppe_0279_jpg.rf.8f869fe66d477e4d5af90c6d151adcd3.jpg,train,81aaf282a9667f95c58ce108394acd5cd2621e22882503dfc8f3c8977cdcd677,1,0,1,1,1
ppe_0280_jpg.rf.6a560daf9208d901518955d90e531e1a.jpg,train,74341414bc86584fc37588de2f0065d6ec9b5484194edc81734984e2785eb990,4,0,4,0,4
ppe_0281_jpg.rf.415d699383d76850e98e61bf0e3f8361.jpg,train,608f1043fea772385c1ef298b989b529fb18fe0cac2508adbd7c505c0722e637,2,0,2,2,0
ppe_0282_jpg.rf.6f467f161c1cb3c33a5b50364a59a5ce.jpg,train,6907dc263764a1ae6767edba86954300c450d645696e283be54190a550446f63,4,0,4,4,0
ppe_0283_jpg.rf.ed92fe1178c5a209fc7703c63e442f31.jpg,train,aea924c632b07cb9ed6bc34b7e1c9d72bad33c231cafca2e99f87833ca4eff1c,1,0,1,1,1
ppe_0284_jpg.rf.ff973032403aa258e6cb0e465322a04a.jpg,train,9adfa5f593b818f2da5dd5845ed0f1b4afc80f5d100cb2dac51cede0deb1df84,5,5,0,0,0
ppe_0285_jpg.rf.c342e3144bee757c695c12c82ec28f05.jpg,train,806b7ae781af12fce4093f085bc5cb8b476a0db9e66f9cd2c38308d439e197d9,1,0,1,0,0
ppe_0286_jpg.rf.a0751d6ee2bb5375762fa9327f63cf63.jpg,train,b89e9ce5336cd19436d7c4b12517c183015cacbc73130dd9d69536081800d278,1,0,1,1,1
ppe_0287_jpg.rf.2ea4e82d048d0d051b923c5658e25b0b.jpg,train,82d5102218d0aee3c6ec25b7181306c9bdbfb7a15cbb7f81177cc4a5c91e6d08,6,6,0,0,0
ppe_0288_jpg.rf.1618a1a918d8de066e5f0d63d2c23d30.jpg,train,213f41d323dce02e2bb482c5b65b72327de8f896220316d95414939eda607c55,1,0,1,1,0
ppe_0289_jpg.rf.170c4e1504d2bf8ef1ddf17b5ffdcf2a.jpg,test,c1dc2acae010e631539483a7e8c8c72a1e720ed7bda2b3a8b656721639871d23,1,0,1,1,0
ppe_0290_jpg.rf.388aa1b53bd841f824174c5aa00ab0c8.jpg,train,0bd853133050c9e587bcbcf3d2932449d4a22706bea40ea3d4e4fda5f822545e,1,0,1,0,0
ppe_0291_jpg.rf.8df7630ca11644a80321af687c270009.jpg,train,331389c078b8149e84adafb4ea4b2c0249a26bc483252f83aaaa2cc84543b025,1,0,0,0,0
ppe_0292_jpg.rf.d02118bb982dc2ebae9280ca156a1531.jpg,test,77cc233b26e0a3dba6f177d20667f842aebc0fd76fcfe212c7e8bed0e182134f,6,6,0,6,0
ppe_0293_jpg.rf.a57e41053da92fcf0778063529666dc8.jpg,train,096d685004965b0906eeeab546eb81950cba966e93a756486105b6933b2b36a0,1,0,1,0,0
ppe_0294_jpg.rf.9e37b3a203b7016b488b03eb672c4856.jpg,train,643a37603c42bef5a08b2019d196680c1e9f93f3a41bfd36c878f4663947fd66,1,0,1,0,0
ppe_0295_jpg.rf.d2428d08b086efdf924ce6fa819eee43.jpg,train,69c69d463e45e41233c21002870220576650f0c24e49b28bde83e2697cbd8aef,1,0,1,0,0
ppe_0296_jpg.rf.fbc415c7e50f84a7f062c03fb02b4b8c.jpg,train,825b70f7788336486af43edd67be49572cbfd8da840d95ed365adff430f9e28a,2,0,2,0,0
ppe_0297_jpg.rf.3656547237cea2051423c53cad7dfa3b.jpg,train,57497238dca63f8593328598efce7374c69df7f4c064e749cac5865df6d72d17,1,0,1,1,1
ppe_0298_jpg.rf.9acf25a8eb677d975fa78a612fb87e76.jpg,train,8e2dad4d97edc4dd56ed4e05ff978296e4ccaad4a0a9b5feb197b0939804072d,1,0,0,1,0
ppe_0299_jpg.rf.4202764d6d03fc64323ff2492da3067b.jpg,val,c12478975096051f1af1fcdcc3cf92ba419f75a6db576d069662beadb3611eec,2,0,2,2,0
ppe_0300_jpg.rf.3baf32af7c1edf6d946af71a88142450.jpg,test,5d95dd66bfd140653b04f7e91eddf727683f47142ac0374dca64424f220c1668,8,6,0,0,0
ppe_0301_jpg.rf.ad22c8634052994326c5efa4062db735.jpg,train,c9df29509c59d88ccfa76e25550d9bcf1b3167579c311525e1c3af69c84a76e8,2,0,2,2,1
ppe_0302_jpg.rf.81350b4b34ac06952133801252143286.jpg,train,db2cfac1c24510f831909d4cba3a794354a5b2037401428ad2f75996fc456111,2,0,2,2,2
ppe_0303_jpg.rf.d144ec00335d7032984e97a64e504b15.jpg,val,4a862c234920277fb12a47dd409ff1e48b4d4bde54e0dac1b2b87082c1a1dfa7,3,0,3,3,0
ppe_0304_jpg.rf.23aaecbe5bf38ba1b77be8fe871ac21c.jpg,val,9ab3fd81bcd0a7d52d4c8fe60c0c79a60005b9b933b7df8fb8c61c8d7720eecb,1,0,1,0,0
ppe_0305_jpg.rf.7a868f9b43eafb8769a3b3bcfa9d188e.jpg,val,1dc75412d5d08fd291a0dc0e9530ac1b066a0959d1cb6bc015eead72efa54558,3,0,3,3,0
ppe_0306_jpg.rf.4667d53415203dcb6de9bd4f9d4412fb.jpg,train,7eb8e4417b00d321e828c110612a4542db8f9a50d7bbf28d6dce99d670050f18,3,0,3,3,0
ppe_0307_jpg.rf.c4e07fc5e376d268b667db8fd5f90712.jpg,train,79852d98160bd9bbf96cb3a8bdf30933d46e7365e22bdaa4a58cf802f4c2109b,1,0,1,1,1
ppe_0308_jpg.rf.5b08b18d4122012d24dc16ebc9eb34ea.jpg,train,0bf6cb9ce891ce0f07f9c20c112924103f9334b54452ee0123460289f8ec15f9,2,0,2,1,0
ppe_0309_jpg.rf.c85b4285185eb14805186209cef67b7e.jpg,test,58a18158799e9a11607e42e1f0c226494f75b09023795ea61830539b74aec992,1,0,1,1,0
ppe_0310_jpg.rf.31a13dcbeefdc30c81d367ed7b79ba73.jpg,train,c6fcc95fc700744e37c19672674adc3db483e4ac9eb838299341ab6b34475396,1,0,1,1,1
ppe_0311_jpg.rf.757c31873e239f488441af7acf327185.jpg,train,8382761235be17aa66f76d182e1dae0d93a851bc7024f5796f216f05616ecb79,1,0,1,1,0
ppe_0312_jpg.rf.5ff83550d1a36eb986565c576f71bfc0.jpg,train,1e44dca0ae3d42e4d479431353875ac9d59a9e2a4a2ba71928bb07457b5a862f,1,0,0,0,0
ppe_0313_jpg.rf.768b14477abe8270bc4a2b0d40f56ed8.jpg,train,bef337f197087a3fa7aa8a12119ddeac3618584e0456f5f38c0dbe951f559874,2,0,2,0,0
ppe_0314_jpg.rf.617230ddbf063a404a548ffc7fce5f0c.jpg,train,02fe8062a01d8f7676517359e38178bcbd9db770cf396b1753442bfe6f323735,1,0,1,1,0
ppe_0315_jpg.rf.5dabb7a3044026c82f41682c349f363f.jpg,train,fa5fc8444db25b83f8547a6e22888f74ac780238b13d79e67753201d2d80c43c,2,0,2,2,0
ppe_0316_jpg.rf.e804d8d02d9a5954860d4d1c6e62135b.jpg,train,33b3b155265bd815ef9a83c55173cef54d2756067bda3db55dc3485530af0e56,2,0,2,2,0
ppe_0317_jpg.rf.946b7a12e42eedc69ed8dcc2d0516b0c.jpg,train,0ef06b5a4ee88c7a137c24fcf5070547483e5593bc110df427e7da4b2d52a5d9,1,0,1,0,0
ppe_0318_jpg.rf.3e504e4a66a1b670ea47bb905c956bb6.jpg,train,e970bff9535d5b95d481afc11edb09331aa359670cff7aada34cbb424d565a06,1,0,1,1,1
ppe_0319_jpg.rf.8c178ceae82451ebf7f4b623c661ff6d.jpg,train,fcf13812cd68074f6f429f6e523f50e564f544535dc927a99c8a2cd1686fd9ad,1,0,1,0,0
ppe_0320_jpg.rf.a6d74f7f7a044a55416cd2be8fb55dfe.jpg,train,3b20a2847f722a66fd487028f64327e09d428962980133828ef6ea0dfd852b29,1,0,1,0,0
ppe_0321_jpg.rf.825bb31ae4f54e51131b1c95ce9c1691.jpg,train,5df54ff6b7575eaf48df6f0e1026863d6bcf158bb6d8f7b78c925264db8b7b83,1,0,1,1,1
ppe_0322_jpg.rf.666915c947ec9d493de10bfbb0365d6e.jpg,train,d2cc8846372ed2d97e543aff62fb0b72a289107d8512c300fd0233db56ddb6f3,2,0,2,2,1
ppe_0323_jpg.rf.9dcaf34b00ed3675c203d500476d1e7b.jpg,train,95ccb1a7f8274440f1eb929a0748242fc392a0003e05b2924f498c66bf0e6459,2,0,2,0,0
ppe_0324_jpg.rf.0e8065d23a69d89b0f55f57e2309e202.jpg,train,59659cb5197384a0cdb82ee259e9b08218e3dc9aeb787ca15486a0c0a950cb32,1,0,1,1,0
ppe_0325_jpg.rf.8d7f7e85f0454c4248681cc0083913d6.jpg,train,8d8aec0cd7fe2780a7cbf18196f36a437cdd532994db883a0527f84dd3fd16d7,10,2,9,0,0
ppe_0326_jpg.rf.9ffd3ad9af8fbf2fe4c78d8d30c3e30b.jpg,train,10f77e88b613addc0a0435b47fdc0f0ca081d71cf69567b28923f0e9e1e25ecb,1,0,0,1,0
ppe_0327_jpg.rf.3a704015e23c14afcb3d5f9bf0fd0f04.jpg,train,f3adc3c1ea9417481e36d1ec70fc341ff8b7922ba002d0334b0455bbcbd386af,3,1,2,1,0
ppe_0328_jpg.rf.70eb3ba6e98d13a276c8578e8870d05d.jpg,train,847da05dee81bc2fd727768882f8834757767d920b48a79d46d789ee7a83f8b6,4,0,1,4,1
ppe_0329_jpg.rf.600a7adfb595f9f501a17868bbcc7969.jpg,train,bd072235fd745b67f58f9f80c5f0b11a42bf3d9335251d2356363d4d1568db5b,2,0,2,0,0
ppe_0330_jpg.rf.36227b3c77609c835c951d7135a8e8fa.jpg,test,c0e267f21642bf5846562bf399e746ab54b6a034639fc16cb9893d88894259a6,2,0,2,2,0
ppe_0331_jpg.rf.10a85799809a4540fc2bf9738fb3a38b.jpg,train,caedd99a5015ee431d64d5697f67685a665562152f82e540449566c498043e6a,1,0,1,0,0
ppe_0332_jpg.rf.30a801cd0250ef02490101c3c4d8fbcd.jpg,train,d24206748d33dbc86990a18e385a888021fd2dc11170eaeab23c34726130a544,1,0,1,1,1
ppe_0333_jpg.rf.fca9d61a9eb450ca96ef4d04f8530cf8.jpg,val,cc0b69cc8fab30fd9d4027cf6e2c7707d8dae9fcc0559e815f6937d1ee68e14f,1,0,1,1,1
ppe_0334_jpg.rf.2c2463c4104b13ca9f613cddfc9e1707.jpg,train,3ecb32ef907757bf88c4ea3bb517708191c27ca31510beccf263673306a43850,2,0,2,0,0
ppe_0335_jpg.rf.4f196274d3491cd80cebde20822ed7f2.jpg,train,48b5aba0c6195dee3b4ac4c82295610983621eb3ac7b38cb775f4f2352a60017,1,0,1,0,0
ppe_0336_jpg.rf.450b6a676de7a51165f98fbf38ab20a6.jpg,train,6c3e87aabef0c125e04b0e2859f80f1ec7005938071063f177a772d915638058,1,0,1,1,0
ppe_0337_jpg.rf.f80676f02f6e5de674a0da9e9986a75f.jpg,test,bf341f38603f3a95e7d5b72cebc828e5ef5e0840806f557824538fd0ffeb4de7,2,0,2,2,0
ppe_0338_jpg.rf.2f5bb73d5d4c4d12b8ae4c6e52f02e7d.jpg,train,d567a870f116cf9d086139e1357b97106ed76237a8f4d4c040e941fdc0eafc17,4,3,0,0,0
ppe_0339_jpg.rf.6aec101f5be1ccdcf2d14bb9ab19d8f1.jpg,train,ecfd2e5ea441ea812c6d1a33ad3c9e5bee3d0fec5986c6f00eb5b8f920f59b99,3,0,3,3,3
ppe_0340_jpg.rf.23d8cc510df9ab737503e034d143ff2b.jpg,train,7af946bff16e5e7971b38c019233933cf8e1bab7f5e7d2d46a854053d6da066a,3,0,3,3,0
ppe_0341_jpg.rf.2dd0de4b83cde3d002067b25b3e2e1dc.jpg,train,3bcf3037ac1864212606abbae1779566bdbe14c3f0f646ba0049a548010f794d,1,0,1,0,0
ppe_0342_jpg.rf.2279a5687316b05f99704fcbfc2bdb2d.jpg,train,004449011b4f04b54cef07409bb96b9dd705ea7ea184b4b721804a06ffa3493d,4,0,4,4,0
ppe_0343_jpg.rf.f1fa57d1e381079b1c21303867a3c4f6.jpg,train,2d9e09fba11b5f7c720638870fce53774373c1ccfbf31d4b5a5df2b8dde57c89,1,0,1,1,0
ppe_0344_jpg.rf.c83ec40ed715bea730972f9345c10ba2.jpg,train,a8503f566be17be8ac9576aaae2d71efa7be090d17d2704033eb8e436876823c,3,0,3,3,0
ppe_0345_jpg.rf.42c6e5512c785106db32ffa588f76904.jpg,train,be0614b3a8e021c70b88389f8606bb0a194a91f1fc2d7025fe3d65a691071e15,4,4,0,0,0
ppe_0346_jpg.rf.78646d168f01834fa128ddcdd893123f.jpg,train,92a1824f895d110185171f02e5a278d1a45acd82c641058c3f976f8480b65103,2,0,2,0,0
ppe_0347_jpg.rf.489a3bcc6c496268ba3e0b685470cde2.jpg,train,d06c32300ab77d1c9450b02c8ec4ea5372c2cdfc0d468a266f622f53f7c3975e,1,0,1,1,0
ppe_0348_jpg.rf.e5b74c2241f1a552efa843659a156b1f.jpg,test,d35438432f67e00e64b36028a1f4339757f00ffa3a722855abf31bff174e21cc,4,0,4,4,3
ppe_0349_jpg.rf.4d1eb5cb1a39f70a2676c4d05e29a642.jpg,train,39496f9cfd9b1e5e1db16c4a90f1869cc041e8a2a267c88b9ec5aff84515adeb,2,0,2,1,1
ppe_0350_jpg.rf.8d85462c1d6da7ea180e8127fd3d6334.jpg,train,98a8ea419b07a157793c9d6e3e890ccfce1f2fc6dd638fbee5c23127880f9090,1,0,1,1,0
ppe_0351_jpg.rf.bf85125164acd1f226da9ae4a88537c0.jpg,train,7d12c7aec255b67e0bf28f799a4f0f9beec3328eea6baef86382377906b05fdd,1,0,1,0,0
ppe_0352_jpg.rf.eee06400ed703eda80c87dcfb8baba4d.jpg,train,796e0a76d83ea7ae9f11180966a20971b3ac3627b9105a02b199c06713d0503e,4,3,1,0,0
ppe_0353_jpg.rf.67780e2a5424523909adf46dd82e7e65.jpg,train,55a46a7b655afbe567541a4445037708d465e5fc920002cf4b8463eb8b84b918,4,0,4,4,2
ppe_0354_jpg.rf.28286a7d7ff3cb400c7d794629d9ccca.jpg,train,41acfcf7c0fbac7a03f3e4b9c2036985e15e96d2872b77c0e22b699c99f511ea,2,0,2,2,0
ppe_0355_jpg.rf.4981ea753319ddf6f76d268a30fd93e3.jpg,train,cdd1f192e9b88fa6344fd19037f4e83b16cd9c9cebef75c3cbb93dab8c0b8f8c,3,0,4,3,0
ppe_0356_jpg.rf.48d655da8b60a3ea851e9f3580da37fc.jpg,train,eaac2073bf4190d24abf4e342be1b01860a1343c67c0fd0a147c0895feba1de4,1,0,1,0,0
ppe_0357_jpg.rf.672c8ef89c4d3a3fbcf659e1b6a4633c.jpg,train,392b849244b0b50b52a79c6feef62515f51c065607be074f7bb72082dd2c05bb,10,3,7,0,0
ppe_0358_jpg.rf.5462e6d0b51c944198209b5181d9f53c.jpg,train,41fb785a99c8e91a707b15e3dbb55d05a9f8bdb986740ab43ed3d6e58182866b,0,0,1,0,0
ppe_0359_jpg.rf.5477f54868165e595cd1ee29e2d04889.jpg,train,58639cf78ad38721a95eff5af3ca2d6da0c2846b2b04ed4d5b00ee3134d6715b,1,0,1,1,1
ppe_0360_jpg.rf.0632262d5a6e034078b887b6edf73d8d.jpg,train,31bb5fe4ec4d882aa3b38af22da1a5af2eaf521ea2451e6172afc5571a8b674f,0,0,1,0,0
ppe_0361_jpg.rf.15d4f039416f99199695c8d05cccdeeb.jpg,val,dbbb248ea83bc7a9605eb186ec2343f59743de31c251d2c70e5ef539a05fabd8,1,0,1,1,0
ppe_0362_jpg.rf.e5daf5c68a1c8ff1f0183de965a14e6f.jpg,train,2493c0bff22dab35f4dc65bebd611b3af86032be94e771a67ca72de91ce47b32,2,0,2,2,0
ppe_0363_jpg.rf.bc1408d6730c3ec78232af1c0d4326b8.jpg,train,9504dcb921e46a627026f21a5bbc7ba35ac787813e8d3755af70278208c57fa5,1,0,1,0,0
ppe_0364_jpg.rf.9451406c6063ab2495a5c5ba57f1f835.jpg,train,7a65aa275a7d7372f79b4af1fbbee372cfad993669a8ab5308a14265c26decec,1,0,1,1,1
ppe_0365_jpg.rf.62ae605f306377bee871deeab2c082d6.jpg,train,c29e0f09b9e49a110cf91dd4d051a269412a9d86489ee1174a33e6e39573d414,1,0,1,0,0
ppe_0366_jpg.rf.baa18dfc02731f547bf7f73c84975c03.jpg,train,b161a1f0683fb4f1c9a4fd7f449a9b00025ccd73ed26ad7564136805c9ddf3a3,5,0,6,0,0
ppe_0367_jpg.rf.2763e1e2d4ee6e0c9d462d822a7a7aa2.jpg,train,0d04df9f8f96b7b1fd08e913d0241160ec4efca23c06bb61fc426a892e489a43,1,0,1,1,0
ppe_0368_jpg.rf.9b1fca6dd11519379e70b32b78544c0e.jpg,train,a5cc18f7f655259add8b7d626948aa80bddf39af99461d00163dc2dc933c1a2e,3,0,3,3,0
ppe_0369_jpg.rf.e6faba754b5f8bd29e7e33fb5f83885d.jpg,train,0cfb65caeb74d95c89694ccfd506a2401a2d6e241b64a489048be116d03e0eff,4,0,2,4,1
ppe_0370_jpg.rf.93bebe2f94fa4625dc6d250f11ad55cf.jpg,val,08d11cff88ce54794eb8cbf029f7352355b4ace01a7000e9ee22f84e990eac00,1,0,1,0,0
ppe_0371_jpg.rf.c18331b9cff73fef58f8a2583ab405d7.jpg,train,60cc5f6f206003aacd943759d40270a2b4afee520999c1706020f719ce97ef82,1,0,0,0,0
ppe_0372_jpg.rf.067c2b41d62dce9067a615e72a80a1eb.jpg,train,45e4a23982395648ccaee51031b5687f989a24b95e8e916e82d3781f5de2a75f,3,0,3,3,3
ppe_0373_jpg.rf.e9256788587cca28d75bae18f949ccb9.jpg,train,b7694142007da87e6c27491b9faea6a010436cc1b37d23ea07659069127071c3,4,3,0,0,0
ppe_0374_jpg.rf.7748126459ba20004cfa5ce498bfafdc.jpg,val,b51d9f7a6992d73143d45927a09f6bee59ed578a490dbfac20dca969d590a1e8,7,0,6,6,2
ppe_0375_jpg.rf.a662d04968c60cf08790fbc3dacc2560.jpg,train,3a67ca0fa8ed79d516d8d7e1fb6005023582e32d8af38c29b712e8cb780236ff,5,0,5,5,0
ppe_0376_jpg.rf.c9961f4d95637bb0090cbda92d1d4154.jpg,train,8373a94861d0dd2957457394117bbfe10070b76546bc1cd6f8f5dc08a8ad0852,1,0,1,0,0
ppe_0377_jpg.rf.1c153e527773585fd649e6c0ce211e8b.jpg,test,0050d436c827b80fb313436e91b3e0c4332f3166ae98d05704951a5c21de6e5a,5,0,5,5,0
ppe_0378_jpg.rf.a038f924272db8608097ddfce6968eca.jpg,test,71b8136e17fb474a2adbead9c1cc3293bd891e5b8682cc6b073097418c76f1ba,1,0,1,1,0
ppe_0379_jpg.rf.a7caacfc568e8596c6de4986866a2b3b.jpg,train,7fd7dcfb5170bf49cfc70bcc29179b5f49b4493d0a84d6c55fd0f5a9b0c3d2b0,3,0,3,0,0
ppe_0380_jpg.rf.da9705af4ff8e8ef99ba3f1a733491dd.jpg,train,30e2a9168f6f4dc4a4b890be574c589852540b7d371a734686d1814f49f2f1d3,3,0,3,1,0
ppe_0381_jpg.rf.f7cff2ef391fd9b13aba8765662ddfc1.jpg,train,7524b99503b1fc25da32d033fd6a070a109174ee90c843c3b5e69a2daa452992,1,0,1,1,0
ppe_0382_jpg.rf.735cd86e0afb9928d6cc55e6a7d7191b.jpg,train,6a4f298010fd6c173b79e7b7bf54f949b775486218d8123405c183457bbe1cb4,2,0,2,2,2
ppe_0383_jpg.rf.ef5eb1392181bbac4f7df38c19000de4.jpg,val,92eda7fcf7e9ee763824229063c7e1e9c0d9569bba786cae6c103d415760c1ac,2,0,2,2,0
ppe_0384_jpg.rf.91da375dace9b029733d7284a2ebcc7b.jpg,val,e5446c77a7630cf71e3de48d8fb2b79e31070432a798964f9b91766696f7c4df,3,0,3,4,0
ppe_0385_jpg.rf.d926cc2fa8c4206a4f42b0843b503baf.jpg,train,b44b11e138f8f1fb20d66ee4cff17bb44a446ea4a6bcd80a08efe1d42d5f75bd,1,0,1,1,0
ppe_0386_jpg.rf.66c7c71a1f9a215401da6437103985b8.jpg,train,022f4ace8c9453c274117e921abf0dbe80c154d93d91e362122cfcf857664aac,1,0,1,0,0
ppe_0387_jpg.rf.daa9ebfb701fa45da4a32e23e8e760f0.jpg,train,375ddd2e1fdc2df48216d756a956248aba19525953ba632eccc201397e2efff6,5,0,4,3,2
ppe_0388_jpg.rf.e144377fce5a9a945b247ead4c9a2b39.jpg,train,09bd383386ca03debf30381496b896d06d05fafb9a58a47b55640d906c57d12f,5,0,2,4,0
ppe_0389_jpg.rf.f8a6ae1c864d10a9aac0dd4f9b15a402.jpg,train,4cc3a6ed5208c8184deca61be43a1203fe4e7eaccab8ba2df3ddbd943b565b05,4,0,4,1,0
ppe_0390_jpg.rf.ac7cfbc08be38822724bfd6ac919c162.jpg,train,34ac6c854df19e7789a83d4ced34cb6e690f82db63cf174efa8faa6119072fcf,1,0,1,1,0
ppe_0391_jpg.rf.e0e4f9302ae3669a11295af92afb1ed6.jpg,train,730b32b4caa967bcb01dec174d63252d8cc5c8678c6d350bf7ad9c23726692ad,2,0,2,0,0
ppe_0392_jpg.rf.4b4982e3c0226bb1dcffb9319bc9fb0e.jpg,train,e4d5a3366565deb10145ed6488a3d85ed6ee9319cf50e4a4de84c19a1bd176ab,1,0,1,1,0
ppe_0393_jpg.rf.d89b0cefe9cc75a8066e75e2497b59c4.jpg,train,b14041a4db27eaa1847b43a7a55f3f1731f77e76a738adf13b59c1ffe8228127,1,0,1,0,1
ppe_0394_jpg.rf.42800c5d45eeaafd68938b9ebb18e464.jpg,train,3e191805802e57fcdea10167db2dc3e9e18682c69703b66755bf6a1eefe6c87b,1,0,1,1,0
ppe_0395_jpg.rf.74ee73b77f4fd23421ba89152919ee79.jpg,train,75df4d30b5d70783fcbb2e44bdfa802ed595bf4c7090f7e180df9d718243b586,3,1,2,2,0
ppe_0396_jpg.rf.d41d66e4ff17de74cec8fba9c90d51c5.jpg,train,23d3ca0d74ce357793e832579f2e44eded9087869034afb71090ff90511c885e,2,0,1,2,0
ppe_0397_jpg.rf.ee4d68a9c012a8ade0c0a0516ee40650.jpg,train,ca1b66846801d7cb992a4f1d1dffd3135d5ceb37915a01c32cec539313c49529,9,9,0,1,0
ppe_0398_jpg.rf.8c4aada61e6ea89216e2e8c32d8144c4.jpg,val,1b4aa1effd573f811c91ba9cc59b03f6448308c738e8589e66a46834d9594b51,3,0,3,3,0
ppe_0399_jpg.rf.1d5e66a87125f705a4e4308a9b82ab90.jpg,train,a19c553923719678e7d7361390f08bf064fcabfcf0d26828a14334d0813609a7,1,0,1,0,1
ppe_0400_jpg.rf.461f63cac075895b35f890daddb40ab0.jpg,train,8c135e883e69079f69bbd20e07879f9117537761faceb2492702bcce08ae3966,1,0,1,0,0
ppe_0401_jpg.rf.5376adbd04f344658106fca6edba4613.jpg,train,6f60dc7c59a05acf675d653060f8a0d7a9aadf1e48194942a9bf844591fd7e00,1,0,1,0,0
ppe_0402_jpg.rf.c5672b64979e9d9efa5447219c8bcf08.jpg,train,884b17103f294bb391b1f1919b26fca9367ad28b84a1e9513e08d2388ef390b6,1,0,1,0,0
ppe_0403_jpg.rf.29715dd0eba5ce52518433fadac53a62.jpg,train,9b4813025e1f1eaaac84914d9597c74dbd73e2ce8d7e934479c9a03cbf9867fd,1,0,0,0,0
ppe_0404_jpg.rf.dcc97bbbc5e3359fa567de6ee9905ad2.jpg,train,47e24379226778242351120756132dcc81249ac633866e35f64dc95c293cad4b,2,0,2,2,0
ppe_0405_jpg.rf.1fc50d87981d705c9172faf5fda27325.jpg,train,ce99d7892ee60915797816e8dc6d8926bf642359be377890f393f37b51ce46dd,1,0,1,1,0
ppe_0406_jpg.rf.eb25a25d4364e873cf83045a8a0b41b8.jpg,train,f1ef0dd5757539f4ebe435597be04e79f6c832d70845a24823adcea8d112a411,1,0,1,1,0
ppe_0407_jpg.rf.6667a4055682e3984e73dd3d1ff7a8dc.jpg,test,b3ce04819e54ef6d10342dc27007867f035e00ed5c5c2cf980f97ce9aa2641ae,8,0,8,8,0
ppe_0408_jpg.rf.7ca132fce54319f0b61e49110947a580.jpg,test,3d3815dbf2ffbe3fafad3892c81b2f957bdde50b9ac0459c5af0b85a739b4fea,3,0,3,3,0
ppe_0409_jpg.rf.4cc5f97f73cddd96a0c006c1ad8e576d.jpg,train,fd9746fe76a9b18fd6e46599bcffa96d2a647b3ea46093bbe253513a21580d0e,1,0,1,0,0
ppe_0410_jpg.rf.36beeae95cb3f62145e9ab9138958b01.jpg,train,7908a8e7111920e49b00fea6281fda563b3fff01a94c824583663a62f4c2f739,1,0,1,0,0
ppe_0411_jpg.rf.a68e6bbf6d9599c0278f1d48a3d3bdaa.jpg,train,6aee67747ba21523cb7eabe4c73a8d2f9d920e6995c8357e8b364f4145cdd07a,1,0,0,0,0
ppe_0412_jpg.rf.8a19c42ee4df5b14dcb2950756bd3067.jpg,train,37a441afef61be0354394848199fa52feaa954d32587768fa927f4b31289a206,3,0,3,3,2
ppe_0413_jpg.rf.300ada9bb073a7c2b5ef468d31b8527e.jpg,train,ece7a16c7880b263c6fb6b85d6bae61e18b0e88fa87d276f86bbbccbe47b98d5,1,0,1,1,0
ppe_0414_jpg.rf.e1813a03bc2e52936d9e2cff4aa4cbf6.jpg,train,10fe8cdc99035b38c8b379cf5cf3cb53244808ec661ff09aec81e3a0ae1fd51c,2,0,2,2,1
ppe_0415_jpg.rf.1aacbb3ad3d4517bb240cfa8766901d8.jpg,train,9f49ab0e009725c4f9a3f932cd5efbe102e4d2b3b26af130e46840713c5f71d3,1,0,1,1,1
ppe_0416_jpg.rf.d531411b1efd20d208669d18bc20f6b2.jpg,train,9ab1bac23be40a726715c028bae437b4e31ec0ad68bd5d2058258bffdacb0ce6,1,1,0,1,0
ppe_0417_jpg.rf.5bcd0d53e5f5ea08b452baa5d4c78c58.jpg,test,999b2d1aad9512f97159e6da99ee0ba9948b7214facaad44521c42bcda5d0c34,2,0,2,2,2
ppe_0418_jpg.rf.a11646c849cc51c639585332392f3616.jpg,val,c379c44f81553f904a312ac81ea2065ec421e64a0f562b41f272dcdc0bd44557,3,0,0,3,0
ppe_0419_jpg.rf.cc6b6b466b8249c4799c11df6302b4bc.jpg,train,5db556ab3bcd1a8c0353f89aacbdc184cd7e27964206abaad9b9585a71396144,1,0,1,0,0
ppe_0420_jpg.rf.2fecfdb4687838baa02a6535c4cac61d.jpg,train,09d221bba7d0136e11b7afa12414912562090335ac34392f9653930d1021e1b0,1,0,1,0,0
ppe_0421_jpg.rf.7b06d7f5bbebabf84d5023262dfa72da.jpg,train,1842cee35aa86720693bf994fa339ac42039a969e794874c63eafeac8bd48689,1,0,1,0,0
ppe_0422_jpg.rf.1b6cb9d4a6f7c24bdb73dcd778637daa.jpg,test,292822961ab8cbd18d64bdfc61ac72ea3388a29b44d12bd3827fed384f8c2c40,0,0,1,1,0
ppe_0423_jpg.rf.48ee739c8754ef86d05be446857f48eb.jpg,train,1238f5055d88df3a2ef45516ed2e5da53cc6a4e05c7e81a3dc8463d66648fd49,2,0,2,2,0
ppe_0424_jpg.rf.9ced0a3047808adee7232593226f6932.jpg,train,9a010d6a8d81261a1bdeed65bc58937d313f8b8a9c4e339962195276aa7ab784,0,0,1,0,0
ppe_0425_jpg.rf.59961026e8957b042b5e93850d126ab3.jpg,train,7d41493b6c93740f1e23c442c913e8d9c3759eb0caeab804e54ffc46b331be80,2,0,2,2,2
ppe_0426_jpg.rf.55e8f624175c37aa85b87b56dc783848.jpg,train,c7189c6e1055556ef8a12487d0735f42a37579889ff969af6ab027e670ae676f,2,0,1,2,0
ppe_0427_jpg.rf.9ea539c5175d4932e67469a4114cbaaf.jpg,train,dbbeca1d7a9a1e5e0dc37dba5ff064f8251b309285165fe3b39f76da2a91aabb,1,0,1,0,0
ppe_0428_jpg.rf.23dcac038fe170d4fba4ce716d57fb30.jpg,train,4aa1b7c58b180b46c95365a88e75dd2ac8bd7750ba1afa9bab5066b5eb28876d,1,0,1,1,0
ppe_0429_jpg.rf.d6284d6b480875dc78a52af0cb9402bb.jpg,train,a52421b86a8271655f768ac22bf9ca6d52f17f687bba44437306f16dfbe578e5,15,0,8,6,0
ppe_0430_jpg.rf.59ef6df0e67fe61488e96b1c10190203.jpg,train,a5dffc9d6c58bf56694ac86ee0ffec41e7cdec9b84f89b46053b6977403390f1,1,0,1,1,0
ppe_0431_jpg.rf.3bde20b04fbfb2ba6de0c27fd68ef748.jpg,train,14c5b0cf6a3beadfa4f2630a53da78aa1aca28fac47f91a94145113a20ef01a6,1,0,1,0,0
ppe_0432_jpg.rf.16278be623bb446d12480fd45617b688.jpg,train,d5d3e42857dbe821feee0614726c1a74b7cc5003333b597d7124b15416fa676e,1,0,1,0,0
ppe_0433_jpg.rf.23513e93696115071335b9a7d0133237.jpg,train,a8260dbe959e5619a47597701cee04a897f38410d73f7cd7be5c561cafe2ea7a,2,0,2,2,0
ppe_0434_jpg.rf.25c7ea52a522296823d8224e20cc6597.jpg,val,67ea5311032816bc2600de7801d9d9d6788cb4193c215f5ee35fd8577c1fe390,2,0,2,1,0
ppe_0435_jpg.rf.47441e66eafe8a9717810f50ea33fe59.jpg,train,2366e8ce53a57461b5186052d6987c0c4964e7e363097abe0c9ac20bbb43eb58,2,0,0,0,0
ppe_0436_jpg.rf.d42fd1d095cdbcba6dba0b60d09311d7.jpg,train,08c80fae310745a7ff00af95b161e4d5a1b86cb7dd94aa6d41ccadc55b29f802,1,0,1,0,1
ppe_0437_jpg.rf.6aefa8f4e17ee17839614c28748a6082.jpg,train,3022d99e3674c713da8f5a6aa923a6381855d3b235f89804dbfbd3d2d24162d0,3,0,3,3,0
ppe_0438_jpg.rf.94bc8e29601f34b889716d4e63cae89b.jpg,val,b8524de621ebee4c684db46222bd21c98c630bc40044f5cff07aeea152573360,1,0,0,1,0
ppe_0439_jpg.rf.bb03f60d50282b28b1bd50cd4c658b0d.jpg,train,5eba48ef57c21a06f7226c0890007cda164894f93132b0282cf7f9f38745c90c,3,0,0,1,1
ppe_0440_jpg.rf.7c7bf350fad90ac637bfc3ecd978beeb.jpg,train,2e90c0b382a91d0517197963ed65480df731a2e0090b2d581792b92fcbfebbc9,5,0,5,0,0
ppe_0441_jpg.rf.43babf6e397e6a978ea0809d8f521421.jpg,train,bfc343a4f618119a6d911e30a02b4a13c681fc5ca9465b212b4b45a27504e3dc,1,0,1,1,1
ppe_0442_jpg.rf.112b25f04c11b39771c2a9db9a972801.jpg,val,3a2e3abad0e746096e9f325974a947d644faf3e6a7194434eeb3c0d198d150c5,3,0,3,3,1
ppe_0443_jpg.rf.6d061f545aa097e7e4f2399bdef8d8a0.jpg,train,6090c561f4956415956a3a2c54cdee84b08bf5222d5d1298ba0c7c67f1d889bb,5,0,5,5,0
ppe_0444_jpg.rf.aa8b22e49787c2e1dfa601b8f6690531.jpg,train,3802eb4b456814dedc56b517167abf8dd86a1c2eb2670d75ce7df573f61bc906,11,0,11,11,0
ppe_0445_jpg.rf.3fe6738db7ca128653a9514874c00ca3.jpg,train,1ec6fa7694855a332f4433c391081739693cc2b74c1d198d4e11b73e47bd6f3f,5,0,2,2,0
ppe_0446_jpg.rf.f2ba38a2909bcc8a591c41ef26701cc7.jpg,test,ecc4c6b96787d25da45bcde6f25372a5986f589024452de0626e8ddf68b5147e,2,0,2,2,1
ppe_0447_jpg.rf.8f58c36abec2da4120b40572220b7196.jpg,train,241d736229cd9448e04b4502edac16285aed186ff523d06648bf07a9bbb7ad2d,1,0,1,0,0
ppe_0448_jpg.rf.e7659be21a9b8ec1b0bcce99e55dcba0.jpg,train,92c53e5ac69527c61ec0d79a4e25d0f59aaf1a21f2f4e934b8a2a6a004a1eee1,2,0,2,2,0
ppe_0449_jpg.rf.70ab973e676cbbccde92a5290066eb76.jpg,val,2f103bc9bdec1c2cdb2089c671135e5613cb0a783d09f8975883b0c3a08a0375,3,0,3,3,0
ppe_0450_jpg.rf.230535c1c36532c2dd5a6fd716d81792.jpg,train,ebc7b3bf36e87e3fe9227d177fe8121f94c6237ae8e52375ed3d9bf33a6a2920,1,0,0,1,1
ppe_0451_jpg.rf.cef41c6a6bbc521146a8b52377bfc4d6.jpg,test,83eab32166020cc95167241bb1f388dbfea4da4f4c7d3aea686c9e41490b9cf5,1,0,1,0,0
ppe_0452_jpg.rf.7b1154ee74624440a827f256442bbc7c.jpg,train,562d7a9f78b3dba3403f2f6f60eba1613c1b476bd9132895e7df3e37e866a0fa,1,0,1,0,0
ppe_0453_jpg.rf.375daa430c60ebe1ac3b03713fcb7035.jpg,train,1aaf79ca6965a22ff2932796ded0ab54c3829f15dc0f64b9081493dec6c96adc,1,0,1,0,0
ppe_0454_jpg.rf.ad77937ced765474a407b022a92380aa.jpg,train,2bb4035d3a65a14f10facf6b4b529772b95af8437569103635435e2e6109cbf2,9,9,0,0,0
ppe_0455_jpg.rf.da7999c5d8a6ac807548cb24d9e1fdb4.jpg,train,23376660a72a2f4e1608d3b8da1b4119d39c2eb47d2f802902015d277ab0642a,1,0,1,1,0
ppe_0456_jpg.rf.eccd3794d7249b81d029c8493d4fa40e.jpg,train,de52047a9a987b88516cd0ad012e7074e3086f1cbc4f5fbc7645b759e4424952,1,0,1,1,0
ppe_0457_jpg.rf.de37edb512b6a9e13d7f98090b4c909e.jpg,train,71b83d324a8cf1f97c90bceaf81d37ffb5e938d83016d54bea8a2460278273aa,1,0,1,1,0
ppe_0458_jpg.rf.03f5af773d42bda672e1c7e8d0c494ec.jpg,test,b470179e0af2e5f2a6a3048d83db2df932b9107e4225392a422b4088dbca3795,4,0,4,0,0
ppe_0459_jpg.rf.979adb307390b85f97be3c706b02401f.jpg,train,4f754365a6662d5682c54f9386945f3b0f80ef7d5224055b1c798e828ee1cbe6,2,0,2,1,0
ppe_0460_jpg.rf.a978097635980610a44f903ab1d364a1.jpg,val,d5b775bc18b0818800f15b930a306decf62c8a7c91237c9828267689920c7b62,5,0,5,5,0
ppe_0461_jpg.rf.dfde53a7e0b4742c04e415d2b61fa94e.jpg,test,50daaf6be065dcd7d56d29e29f1e9a138eeb18bfbcd96e9f0d7f36fc0160c0f1,1,0,1,1,0
ppe_0462_jpg.rf.c40af5cea7e54228d630615247f9a457.jpg,train,33b35e00750310a46031bd000a6eafd2bc50c82ceb5ec63c3a3f3d2ba92b6e7b,2,0,2,2,0
ppe_0463_jpg.rf.6e94a92b65d7c007ae5a2f5a0bacb7ca.jpg,train,6be48d0aa9b605a9362b01c74a161e129a9c3e5416c2f0fcebb9eba254f47538,1,0,0,0,1
ppe_0464_jpg.rf.12ec27d458fb174839f13cd901044317.jpg,train,15ea9e08d4ebe1e5dd4158f2d40db92f46a7d520cc7d2504770dca457c51bb28,1,0,1,0,0
ppe_0465_jpg.rf.a55ccffdb39df5afde43b99f4ef1bbed.jpg,train,d2c21786963ec8a53e91b0f8dff6523dcc04ef55aa9665dbfd7d12118ed1a736,1,0,1,0,0
ppe_0466_jpg.rf.c5e4642c6c9f93689d509d6f3f057e42.jpg,train,40db336c2b7e90774d7c1cacf1d45e9c05115bc50816778dd957a805d331efc0,3,0,3,3,2
ppe_0467_jpg.rf.d940d44d26a3a0246f912a21635e033c.jpg,train,b658c678b380834e0e8e2171afbd14194c983445ccaaa16b06239e65451a2f50,1,0,1,0,1
ppe_0468_jpg.rf.9439ee791227c82404b25d717d9b3254.jpg,train,230b7a7a6c584a3e5237ac1d75251f57cbd315a99ca17ad2a3135938e6c4fd59,3,0,4,3,0
ppe_0469_jpg.rf.9bdc40a506b9e82f5ccb71fa0ad31f77.jpg,train,74a9f87991dd02947797a361b9bfde1845ac75eb8ab0bd143ac010f6bd235678,1,0,1,1,1
ppe_0470_jpg.rf.a0a0b3c214f6a9bf9dc72bce5d38d54b.jpg,train,852ffddf533b7328547153f94d9c572f56b6e6e3bd8201cd420819910bacaee9,1,0,1,1,0
ppe_0471_jpg.rf.2940a3fbd0e9282f00f2391e2b0fe29e.jpg,val,448c4d4857f083b812c995b2ba27b56716125ba58ebc68436f6172a6560fcccd,2,0,2,2,0
ppe_0472_jpg.rf.3a26485d77d9d57f277ceba4e310685d.jpg,train,8d631b20b14a83b5fbce2d0da178a04ac4a4ed62df84b18743d14657f5aaa6c6,5,3,0,0,0
ppe_0473_jpg.rf.5186778c5d440275f5dc802df976dc1c.jpg,train,b8667e49abf96a4ab63ce79fc265a1c57e6d90f3142c388059bee70317160b6b,3,0,3,3,3
ppe_0474_jpg.rf.6177ad4c4b83b017b775799ecf4137b6.jpg,train,2778075ce567ec1c99b2ddada332c2c16b6ef089770843fb2241f5fd2fc2705c,1,0,1,0,0
ppe_0475_jpg.rf.05e78b567b95add274f7816955fbdcb1.jpg,train,dc2999889442c60e8355954b85cc3b5cdaddcc012e044abd3631d28d9d922c72,2,0,2,2,0
ppe_0476_jpg.rf.b01995f2f7e43bd1e9353b9c30c11f3d.jpg,test,ff26b6717ed24fb5b75f8db0ae5824c2ea18a8366fce1dec5021121d729a3bd7,1,0,0,1,0
ppe_0477_jpg.rf.046e6c469e9982aad3408dc333adea42.jpg,train,9dd42a57779cb2eb47be9ea31e74775133dd80ddce1de0ca81022d5ac34e6652,2,0,2,2,0
ppe_0478_jpg.rf.ba62560be0280e06f3256e2a0e26baa7.jpg,train,d3bf999458b0df6f834cdaf41bffe5d1b5253af917ab4ff20aab7dc5c457cdd3,3,3,0,0,0
ppe_0479_jpg.rf.baa6cd9aa5b1fe83dcc4a7f64e922131.jpg,train,0558999e3e56e9ab408cbcb5b902acc6545fec05f6cf75547e05ce00ce4d3c35,1,0,1,0,0
ppe_0480_jpg.rf.47f5d388a93e697d6805c2cbbdbe0cc9.jpg,train,3f23e5e3475371422b26f954fca3d16aa6abe2ea43f4d9519aeaaa62eb13074c,1,0,1,1,0
ppe_0481_jpg.rf.fac8db14a73e537b9c5265695ca7c948.jpg,test,096b1a2fe26cedcf65a62167fcd4194f0f504276f245c1e03e487c1996a5cc3c,1,0,1,1,0
ppe_0482_jpg.rf.abe54449911d0b431f68c81e6b7ffb0d.jpg,train,d5908ea50505c442248065dd2ee0f84858ebb7ac6995f1c343db813aecad8855,3,0,2,3,0
ppe_0483_jpg.rf.2a8b1b81cce5b15b76d1810e3d7d4280.jpg,train,61abf09b1cf292c9180e02a4709cd2976c66cd3ee16d7e3b8244658647cc0844,1,0,1,1,0
ppe_0484_jpg.rf.d6b6ae6577600cb33fc64be79ce4dc86.jpg,train,623a16b9528350848dabab8e431268dcfe439f3953787c2714de54e46de70b99,1,0,1,0,0
ppe_0485_jpg.rf.f8760de89c4929f581688e67e0fb5b86.jpg,train,c6f41d31e1b6842aade45ebb20780c0e3ffca2288a4f961d2f61b121299400ff,1,0,1,1,1
ppe_0486_jpg.rf.804278f989e73666b08ba6a89e6e24f0.jpg,train,8b401613ebe30ab43e78b63bfc48bf1ac0d7bac9824b0cc326e1ef66f87cf349,1,0,1,1,0
ppe_0487_jpg.rf.c99290a500c09ecb5e796ae4edb9808a.jpg,train,3c1d2ef05bdf647901bb292740e31c0e1af1db615a28647a59722985be26893f,2,0,2,1,0
ppe_0488_jpg.rf.7ace4bf550d0bb8fc20d1a9ffde3aac1.jpg,train,d4778964959e3e2e0ab57fe7257ba9704135b3955adc427ad608866a71642570,1,0,1,1,0
ppe_0489_jpg.rf.bd922082d42d497cedfd8726ab34c100.jpg,train,7f95a63505e5d2bcf9cf7a51b9633d7ebd12582ccee311ac7bcf726b288d76fa,1,0,1,1,0
ppe_0490_jpg.rf.b078e3faa5b38217604109a9fa53a6c2.jpg,train,5b36a2b8e932d043fcde70d078758423e179bf071f0abb493cba81f41c39a812,7,0,5,7,0
ppe_0491_jpg.rf.ad0d9b50fb284150148655a370ac578c.jpg,train,3930207113c8aa643f7f3c658238b2afa536fb817633979245f38d4d1899c4f4,1,0,1,0,1
ppe_0492_jpg.rf.d6f4c4dc49cdd6091e6daa39f31a33a1.jpg,train,b4ecca48a05122610ceeba5cffacfba8d6d29f0c815a0fd37fe2c845ae06a6a3,5,0,5,1,0
ppe_0493_jpg.rf.dcbf47048cfcc382c2c34580ca1ff9e4.jpg,train,9fbeb88b44b5a9c414d80f5e9658cab74eb6d1339493d8414bc650d7fadef308,2,0,2,2,2
ppe_0494_jpg.rf.f285e6bc33d04147474eb9c49499597f.jpg,train,d985285bb9c53ad936e21898a611cdacb65b30c9868865725104cd39433fc4df,4,0,4,4,0
ppe_0495_jpg.rf.fa0ed77e03e70ae79e24e653b690031d.jpg,train,7bfebde6be0c376aaa052f9fe3df3f86b946cd5c8ecf096ed24d18f5272599d7,2,0,0,0,0
ppe_0496_jpg.rf.a2b5dbfd1b727a29dbd545eb0ae6b4ea.jpg,val,482695a1cfde8300ceee20b4bd42c80c8804373bd71fd4242d89a5558eaa17a8,1,0,1,1,0
ppe_0497_jpg.rf.cacc33fd725ed863b3ed41ed34249fae.jpg,val,071bcdc46e384c1ca8c39abc87de676e94289416212caa15bc50af07ef73552b,1,0,1,1,1
ppe_0498_jpg.rf.9393d88825ff0cf26467ba2ecfcb95da.jpg,train,408925e742d25c99ed87df222b274a9bf37921564be9bf5df325f837fefc169f,2,0,2,2,0
ppe_0499_jpg.rf.54262fffc892b1f91a0ff44aba1d1c48.jpg,train,f25374bf638fe39f7611d6a045c2fd6f178eb89bff2534d055083ad67420de03,1,0,1,1,0
ppe_0500_jpg.rf.62e401e49d9d243b0abe58490da6ac38.jpg,train,3839c69417570a048a5f1e0c279bdcd5b99a9850a8d692e7350399f214a98b8c,2,0,1,2,0
ppe_0501_jpg.rf.5a35fd3e9a851b48aa50b21b9fd8fd25.jpg,train,8732ebe427cf03c5546ef6ed85fb0bae4dd83ea976ae296e4211776f3458e869,1,0,1,1,0
ppe_0502_jpg.rf.9931ced1cc36864a1abd894fae431462.jpg,train,eeae6b13683496053d173d94932e14c1aa434edd1a0f49cbfb5f31b4089257bc,2,1,1,1,0
ppe_0503_jpg.rf.1599fd1974d766d7a395b93f82a51ee2.jpg,val,b9ca04c3e5be8af3e50f6d09a43200f1d4eb5f29b39ab878949249662d42d951,2,0,2,2,0
ppe_0504_jpg.rf.ce186161ebdf336ee52103b04457a341.jpg,train,3c09b04b3fa34c0e373714395bb1c71f642e85fa119e56a257ac9be9ff712f07,1,0,1,1,0
ppe_0505_jpg.rf.e6b84f0da7bf72a21a5e0bec93ad0621.jpg,train,6a1d33dcb441ed551f85ac99ac5f871ea0e271eeba54a9d420d8e62347b1430d,2,0,0,0,0
ppe_0506_jpg.rf.c575de2fb713a22ab05f6b7a671b151e.jpg,train,b019d629922af28da7d0b8b5d7be930bbb9bc7d17956b9a2294f3a589ac2062c,9,0,6,3,0
ppe_0507_jpg.rf.750d0ed2104dd5fe1699defcc3150637.jpg,train,27c73b52f3e0cd7e8034bdbe4479f6329e6b41500c5ee69937c33bb127131b55,1,0,1,0,0
ppe_0508_jpg.rf.74fc326b3c6c6bcfe0347bca42fb705d.jpg,train,4ffe4504f3eb639ebeaf018ee72990721ea857783ff2f4e36f0c89578ccb38e5,4,0,4,4,0
ppe_0509_jpg.rf.20c26693c2c1a170e4c4f75205d2155f.jpg,train,363bfad63bb85b547d133a4e9cf99c07d4340ea0855250f2ae747478ef6af258,2,0,2,1,1
ppe_0510_jpg.rf.5e2c0445edfe4c1b0d29e9e63a4b7ad5.jpg,train,2ec5b9ed9ee3c4a1f76bea6acc203f6c1c79b229522c4a57e5c595306888a3ec,4,0,3,3,0
ppe_0511_jpg.rf.7f70d274d835022b252603150ba94dbd.jpg,train,1cf33c29ecc8799f8569393b316112e78bf3e4a9012272cecab4daa77b0e0cba,3,0,3,4,1
ppe_0512_jpg.rf.16ee4c12ab10ed26f85cd53b8c1ba398.jpg,train,87e385781c897177c2b8802e1ee56f0d2de8d8a472ce1c3b79b9a96aa5af1d09,1,0,1,1,1
ppe_0513_jpg.rf.1d370a5bb5ef1086833d965197236201.jpg,train,7dc5d77c4fa837895dd75a1a615670d6d919858230a467c2ca55b56da62c545e,1,0,1,0,1
ppe_0514_jpg.rf.f11833f705a49f935239b566b8446b85.jpg,train,294b23ebf5b81bb5711b85f796358d5454e9fab68dee3493d4254b9835ccee4f,2,0,2,2,0
ppe_0515_jpg.rf.99cc9ef19b197732130b17028e4f4fac.jpg,test,b9a7455880794f434af002dd21bc2dc18a54f64eb366d7a255b388371339066e,4,0,5,4,1
ppe_0516_jpg.rf.dee30fb7fb999e5bbef3c100683a36bc.jpg,train,a47d32858b01273f41ee4aef0f677cd8ca9bf9623624e5a46f04581d0a0d41cb,2,0,2,0,0
ppe_0517_jpg.rf.f2fcde46522f04e8de7e224f4384c24a.jpg,test,d43ceff27baa7f7f40b8120604625ad9a163d282866bca90d9bf739dcb948d73,4,1,4,0,0
ppe_0518_jpg.rf.80135fc4853990c1a4d6d87538e937e0.jpg,train,e29187a6e40c6b0a6219611b6a37ee64b1c1e44905a724ed7b4b395a9ad09a24,1,0,1,0,0
ppe_0519_jpg.rf.44f743617c9b96fe54b48348a339715a.jpg,train,1cd6ba44adc2634937480b416597620f3bf454e3e8509b7ff2a0457ba35d08b6,1,0,1,0,0
ppe_0520_jpg.rf.232f10aa9f2dbc49b843601322ce6be5.jpg,train,3a53afc88f926a29767fbf10241561326b9dc762b90ce5681f558148be4e97dd,3,0,3,3,0
ppe_0521_jpg.rf.3248dff3917fa5a20e478c9add709a2e.jpg,train,5d24952b567f9f6ff9c2f947bb1962be802cd3b8c13e2af9ff1a67331c1042b5,5,0,4,3,0
ppe_0522_jpg.rf.7cf58aec947e01c9b0008fd0f3cb81d2.jpg,train,114c2f81027533d94fb403ae68a27c145de588b8437d6e87774dd2d4e1e01494,1,0,1,1,0
ppe_0523_jpg.rf.c59c88754c14541d440a00ba1875b63f.jpg,val,0a30e38fdf9c3098a37ec8b6314b118d9e848909c4a2f863a215107ca9b1bf2f,2,0,2,2,0
ppe_0524_jpg.rf.2496d4c01ec109ac21d7830e92149c50.jpg,train,756dcdfbfbe82a8be0aac6e13763c1290861ffedcf4c8427abcff344835bbb10,9,0,9,0,0
ppe_0525_jpg.rf.95bf682e9bee713ea5f4ff0950efd44b.jpg,train,3c5469968d2a165b378371de429999aa072ae7b0140b6639d6c142e3e86ac388,2,0,2,2,0
ppe_0526_jpg.rf.1da96696a64be6f445ff1ec12e4a9ebe.jpg,train,1fcc6364cbd6363ed48cf1afb32da1068eb3c2763ce4d3e7957f533860e71c7d,1,0,1,0,0
ppe_0527_jpg.rf.8b261f6ce3dc8883f93c2069fba7a164.jpg,train,c83dcc37663976bfa0c8a1182ca9b14281af42bded966ccbaa14be06f8ef9b89,1,0,1,0,0
ppe_0528_jpg.rf.dccfc12f089989956e6e957db9cccdd5.jpg,test,9815bbda26a7d2a5f50374429deb67f2a82c4ca7d9d2b0d3c603e672806af89e,2,0,2,0,0
ppe_0529_jpg.rf.e64a8753ad6e614d27095d32d0be968a.jpg,test,7662fd8c62a7d0e19a51a7254a357b68ec1ffb7266660b304c9cca33b49d5cfe,1,0,1,1,0
ppe_0530_jpg.rf.8795a4b1c6a00891174addb71dab43a3.jpg,test,48e10fc2df3a85cb088a15540ea8b5e8ed1f8f2aa7b3e6530ca0c3f6594b65d9,1,0,1,0,0
ppe_0531_jpg.rf.2836c8701f9d3850f6120ee161ee2ffc.jpg,train,0d516f4c92658f5309310f77af355d2679433f55da339d89f3b749b7f944cc44,1,0,1,1,0
ppe_0532_jpg.rf.20575164e0854f141c784753d0dc7308.jpg,test,caf6f13a6f1fef01b618d8dda3005cf5243bc0f2b470a0bcfba1159e65cb3190,6,0,1,0,0
ppe_0533_jpg.rf.62862d8520768766a323fbf20cd29a4e.jpg,train,faa905ac4a4dc4d12672b0adda19c4fc981bed052ba2c1dc18895ad016dec362,4,0,4,0,0
ppe_0534_jpg.rf.f26a4a89713cbffed177001589f4eee2.jpg,train,0a96926333b7fad1f3d27c8abd2893377ad7922b145c0dd2a2a511342d30cf06,2,0,2,2,0
ppe_0535_jpg.rf.cf3d4a8ef2b1cc7ca8806deea43cd414.jpg,train,da97f6dbc2d89cbe1f82bef6a7f6e3a88df132e993f3980f95ab503db375c2ba,2,0,2,2,0
ppe_0536_jpg.rf.4eeefdb63c905e5b2c6fe70d6cf6eceb.jpg,train,4d165288e72957f43e3fca56c4deade61f96dd0c8bd6cc7a6ada363e46f8f3cb,3,0,2,3,0
ppe_0537_jpg.rf.272356308fbdf6985bbbf644949ff207.jpg,train,90adeb9e85b5b8165a0f58e17b9cdde155abf1d5eb32e6a97115bdec0d67fcc0,3,0,3,3,0
ppe_0538_jpg.rf.490999900d7876ecf76184b3e2d2501a.jpg,train,c4b023a54c76ab1d7d0a8c1e1144773ce95831bfe2ddaa262d8498dc2a2a529e,1,0,1,0,0
ppe_0539_jpg.rf.e69be28f1bc207bb54151a5a9b910175.jpg,train,bd20d777c7e25e9ab7edf5b3c0b2e05c14bee0c0606cbae76c3593fc7423b4fb,1,0,1,1,1
ppe_0540_jpg.rf.19cb02cc929c39585c5b84c50e0e33f9.jpg,train,26f13e55edb07bec51de5c5db464149ebad4f5376c4c52ff81584690fc7fafaa,5,0,5,4,1
ppe_0541_jpg.rf.85714d587dac0ff4365d582dac763e5e.jpg,train,451475b91e874087af8fb9529d0046b74949fbacbb73c7b7c56442d45b813c79,1,0,1,1,0
ppe_0542_jpg.rf.75ca9e0ddc26c0a655d5256576daeafd.jpg,train,6e3fd7ff1cb07ace89ffb17ad0b5c172bb913a4c044f122df859e29d2611bf62,1,0,1,1,1
ppe_0543_jpg.rf.2df3ecc7590afc5561f07920208d428a.jpg,train,be2ba7303f2429e15726d3b42ca9013f7bfe39601cccd5c48c74dd59fd1e97df,1,0,1,1,1
ppe_0544_jpg.rf.1d4eb86a586462b736567ccca677b24d.jpg,train,deb9faea45e6c790a38f8033cc2284d534c9b1ba029f6bb0fe3d4303738e2e07,1,0,1,1,0
ppe_0545_jpg.rf.0f5e459eb4c171908a1a29c70b1a1cfa.jpg,train,e13d10b513c64167faa057e492e59784437511be00d096c047136d9a223a087e,3,0,3,3,0
ppe_0546_jpg.rf.2fa6d725ca51862ec00df118219de960.jpg,val,49022f78ebb1a5b5da3dd0333258dfcd97ac6668ca3e7dc248b6e439e6618009,1,0,1,1,0
ppe_0547_jpg.rf.8cb589a46f6ad0c33477845696f3d4f9.jpg,test,ed5c58c5ab383379316b89bc2e40b3009f70383f220c1473f9617c91a6f8611f,3,0,3,3,3
ppe_0548_jpg.rf.de38461c6d7e2eee626ea3af9f19aa32.jpg,train,e3e2b58a2d7a60b242cec428d1a0cfcd96f69e30818b6acd6e8f09eceb0f0cff,1,0,1,1,0
ppe_0549_jpg.rf.d3eb0d75f178639ca79ea8cdd88b9f5f.jpg,train,0813744194c799e927859cede61feb71e617a5894ddae767647448a6bf24314b,1,0,1,0,1
ppe_0550_jpg.rf.75265a8c34760e974e621b1bf7d0fc95.jpg,train,2e6ea09cecf35007afb902a2a424660646d8b034c84295cac977f830665b3608,1,0,1,0,0
ppe_0551_jpg.rf.752ef2cc4ea9bfb313fbc421cdf31800.jpg,train,f17f562bc24237fad84367da1ceae00a5613940e19cd627a71c910ca4d734b4c,1,0,1,0,1
ppe_0552_jpg.rf.ad0f30121afdb3c8c42aa7c7d4bc0947.jpg,train,bd433d4ba1521c5bef2d37767af6a7d60ed70655fc23df0f1ef4516a070fb5df,1,0,1,0,0
ppe_0553_jpg.rf.ef72cd30e192e2e072b83841685576c3.jpg,test,40d01ad7a30a96705d13ab50bfa5f4d025a8526c96f018e1ddcbb0b7dd9fba04,3,0,3,2,2
ppe_0554_jpg.rf.d0ae8c6f67c2e6afce657ad477658ab2.jpg,train,ea6e24a9e9998681e75e474a28bed95e841a8a024c878d448b5ce30d12cd080c,4,0,3,4,0
ppe_0555_jpg.rf.7a1a7c2b10622fe016f409f239426c29.jpg,train,1a3a58adf5c63682995d940716c4f6d41bc0211948c0c938cb46b4754ccca94f,2,0,2,2,0
ppe_0556_jpg.rf.82b7aa637d2151e260a25b50c5ac1ef4.jpg,train,47fccfd9366960850fcb4052474bc2b47665dcb93a5cd33c482cdf92f261b8ca,4,0,3,0,0
ppe_0557_jpg.rf.725e54ef1d024ed12a37e1b8cb1e272b.jpg,val,60a4e2717f082ea7a8439aec4a7fb1578faf93c31e6c13bdc19197acead9ad5d,4,0,4,4,0
ppe_0558_jpg.rf.193c6289a9d4a8dbbec5fa083491064b.jpg,train,1b373c1544fd378734cac9f4ddc3555af0b5c32cfca9f84367fbcca9e0a2770e,1,0,1,0,0
ppe_0559_jpg.rf.efebb236b0345f22381e13d44118fc01.jpg,val,81c40848d4c5dfbe584a40316bb6b2a8ac425ede3113cd61ce7ed80f0056206b,2,0,0,2,0
ppe_0560_jpg.rf.510a42ceef5d5c299497b8ef61d367dc.jpg,train,164e30900ff56834b19f914250b918f2d8b3354d17de17d1630e63c642af97ef,0,0,1,0,0
ppe_0561_jpg.rf.5ae68776b077e468fbd0fc58ca63aaf6.jpg,train,3eb3b60092982d1a7f8a8f9f385a7329d4050fb5be04662ac4211239a932f511,1,0,1,1,0
ppe_0562_jpg.rf.7c3dbca9221450470b1860c20ba875fc.jpg,train,c5bb05d99053b2b0051f0341a2f3fe61559436a04ffe7a2969d0e5ee2bd70733,1,0,1,0,0
ppe_0563_jpg.rf.92bc4602afb002cf8e2877a68c00b79d.jpg,train,e543ba86da7597e12d170e4340303894ee1d2f7242232f375d593b135f7a00f7,5,0,2,5,0
ppe_0564_jpg.rf.91f9a775d8b7d8ab863c24d6472c085a.jpg,train,c0262aa61c8585dbcbf7d81fd69224f1d1e6da8c1fd3c3bf96bfc674ea65a342,9,0,15,0,0
ppe_0565_jpg.rf.b65edac4c16b0bb4bb8346913e062260.jpg,train,6a6f189a3cae7f6398b86fc85b12d0ffe9c1d4881888223cc1b072c40f6e9bfd,3,1,2,0,0
ppe_0566_jpg.rf.0625d75c5a8584fd5641c1ed7676e870.jpg,train,d522f1d9d3a4248b26667f79d4fe7c8d942efd07b081e29cc6016ef4629bb87f,1,0,1,0,0
ppe_0567_jpg.rf.09e1466468962a3f1b5dc649523d2368.jpg,val,14819cb4bf20461a79bdab2cb21bafd23d9d4151d550f48b579cbd52973b52b0,1,0,1,1,0
ppe_0568_jpg.rf.55c277e031afdb01c7fc0764982c25c7.jpg,train,85aecb42bc3a3fa073f30e45fe8a9f51d0dd2b8e63d78a93356b5f8ab7356c8b,3,0,0,0,0
ppe_0569_jpg.rf.8a204a4b92c057f9652a6a77742c3ab7.jpg,train,08d8e200b8f26153dd18f1148f8b93d6d563567dd3bb7b380aad08f39039e993,3,0,2,2,0
ppe_0570_jpg.rf.681cac92bb904f26ca129f953d05aaad.jpg,val,ce60855c6933e043b7420abc8bce304078475f2b6edffa155b5a1844428901a9,2,0,1,2,0
ppe_0571_jpg.rf.c7ddf7c3eaf68655bf258e932eae2023.jpg,val,1249ffca5566948b29fddbab130103d70b8e31d6e6589c4dbd963e2b71b9b2ce,6,1,5,0,0
ppe_0572_jpg.rf.6b7ea375c314440a031b13ce392ab785.jpg,train,1f100e431028598bff718a44210350a32b597246508f9d29ce3a2e91a202eb4f,2,1,1,0,0
ppe_0573_jpg.rf.63657973ff2100362c4455b0d78218e6.jpg,test,b517efa636fc764315496da5b1437abb03c6b4cdfcfacb1565153401dc290e42,8,0,8,0,0
ppe_0574_jpg.rf.3247b3cdd47b2cbc7c403b9ee8e100ca.jpg,train,129bc43fc055b31e0f56725a4b9bec8929c75ca416848b8c3801877434538f3e,2,0,1,0,0
ppe_0575_jpg.rf.84bf8ea3758872e8ea7e0096a4bef391.jpg,train,0c66af9f6a587c4665b6604b2ac9ddbd7cebafed4e17751e42969ad8d93a2e4f,4,0,4,0,0
ppe_0576_jpg.rf.56f4b73ecd6c87b517f82c81bffa6ff4.jpg,train,31582435d2c41b70eaaf69c7ac844526c8e491ea5bdd62fe54d69304c72c2a0a,2,1,1,0,0
ppe_0577_jpg.rf.b40bcde9f8f6390a4f6b80b79cc3cad1.jpg,train,f32c2ed04ed9517bcfccfeb26f67741b559b54b94615752ee4753d3b5453ba28,9,0,8,7,0
ppe_0578_jpg.rf.675aa608363d29d46f576d10bd3bb301.jpg,train,87da7bb1a3103a1552a15af9fa6b3a8104c50e41bb88439ed023ffb47bc407c2,3,0,1,0,0
ppe_0579_jpg.rf.fc034ce9e6751e0b0eee5e3b185915d8.jpg,val,87e4ac8064b3b242ffe55459fe14a0516714b77fb8461492e6be91a949552604,3,0,1,0,0
ppe_0580_jpg.rf.822ea6277f69409e65b71749e078e706.jpg,train,63f09704809a0f884bb5a33b5d394ea24d976ac742c9b17c6c8226a0ceaefe4e,10,0,11,8,0
ppe_0581_jpg.rf.e30fee35a29dcff89a4805a5af38706e.jpg,train,ed9a436796685edde809ee75b1cc1e46b0b19aaa1aa7f2c2864466f1564c3bcb,7,0,7,0,0
ppe_0582_jpg.rf.818137a7ac72bf204428d8175409f5d2.jpg,train,8dc6b90ca5171172e80ceed5b192ad27a8769c8b0b5585379cd1d4074913112d,5,0,5,0,0
ppe_0583_jpg.rf.56bffa98e3a141f2a242322f8f7de1b3.jpg,train,e3d1152780d2776602ec5adb294254e6b0e67c1e376c028674b094017d51a90e,3,0,3,3,0
ppe_0584_jpg.rf.8ebb8d27bef9ad30cfca61c40c3674e6.jpg,train,cc035f040af0083df56e8f0b514dc857b99a03d954607dfc0f0b8462e88a6fb9,3,0,3,0,0
ppe_0585_jpg.rf.0482d69b5162900a2cbc3b7988f66ac1.jpg,train,eeb7da817bc687213f686fdf4edd28f6d1ca2dd2190dd9413186ddcdb8e84871,11,0,11,10,0
ppe_0586_jpg.rf.dda0a0d53abb1b00f32395ea69501c7c.jpg,test,e925f1900f949baad353af4c702b2ab3027c25321c30f76fa36d7e5d20567482,3,0,2,0,0
ppe_0587_jpg.rf.8a325d138e5b4ec1212c7806aaf81c72.jpg,test,be91ff6136e47e17637d956fa2204cb7ef75d3e9895005738d3d55b171663647,4,0,1,3,0
ppe_0588_jpg.rf.c71f102e02cd554c6a217e51a53028c9.jpg,train,4eb13c6fa83676dd67197d0b79b2884272ce561d2f472af4bc30d9590af87dbd,1,0,1,1,0
ppe_0589_jpg.rf.732ba91159f441a7ab0a097191f7fa0c.jpg,train,94883032ec32e8dfafb2fe6f9f2fa911fa26ec15ac293cb10e9eac7d23c10437,7,0,7,0,0
ppe_0590_jpg.rf.b7222e05be273bc8e101099109a0ce35.jpg,train,c7cebb091e82b704adc0deeba8bb80159a6a6016efa699ad8f859d06fb5c48de,2,0,2,2,0
ppe_0591_jpg.rf.6cfcdcc65eedc9e90c83a11aebcf62fe.jpg,train,462ae415971e5edff79d926ff0fd8a8f1dcf3e0c5db3bf1150aaef240d4989a0,2,0,1,0,0
ppe_0592_jpg.rf.b2155d584b9109674650998117ded928.jpg,val,251832d279aa55ada5b6cff710492c0712b2a6003f11e492d8024e37f9a3434a,2,1,0,2,0
ppe_0593_jpg.rf.e97c4a28c8a890f1d7a4da3d6edba4c1.jpg,train,24a009f22c5958c2b3b45de43104b07c05947880a2992f8e490064f5e44164f2,3,0,2,3,0
ppe_0594_jpg.rf.5905f1e667ebe4a92c965e570437270f.jpg,train,aaf3f8fe6ddbc4e66aa7f852daaa88cf016a8500712698be01853033699615c3,3,0,1,0,0
ppe_0595_jpg.rf.ed2eda3bc93bacfdd277b96caa332a42.jpg,train,d3b24475b8fddcc7fd243284decf47b6db8e3b2e06ab3390ad4cb1a118f1da32,5,0,5,0,0
ppe_0596_jpg.rf.fb678fdd7d2630193af0d5306fc4841e.jpg,train,3d0d3b9d17245298aa107ce9d6fc7e1b06f8f70d37e207ec9c262ac1b2db6b2e,2,0,2,1,0
ppe_0597_jpg.rf.76a54e6c4f01f7fbdefd827a3f1960e6.jpg,train,d2a18e40a1363225d49883f261299458379efddfb71351e0e360e34459309700,2,0,2,0,0
ppe_0598_jpg.rf.373e74ad79414a95d45c2fbfa6353fc1.jpg,train,26bdb7bcccb819bf7b6ee8a129eb0ac579fd71305801077967bae59d59537426,2,0,2,2,0
ppe_0599_jpg.rf.97f4412973c219a7aa61ed51b534072c.jpg,train,9379c020d889182c4a1cfe14e5d739bdc34f5500ad7db20997ebea5ec3499636,5,0,3,0,0
ppe_0600_jpg.rf.29839384431e66867dfc29bfc72007d9.jpg,train,b9ab2495bd7a31a7f9b690be9ddf7dd3b8e49371fbb086733ef3751eaa5b5ca9,1,0,1,0,0
ppe_0601_jpg.rf.8f6a0055e66a688878964b942aa94987.jpg,test,ecfaa1d59f53aa8684ef6aa82444630e7121d5a189dd3f77670a7600809dd6b0,2,0,2,2,1
ppe_0602_jpg.rf.b2a5a1ed390f0a52cdd036054eedf651.jpg,train,8d69a5688431f57ce45bbbee1f0d7fa6e45f358c37b6901fb4c25237193e8c65,3,0,3,3,0
ppe_0603_jpg.rf.178c28ef2c6609a3ccb1d278c941763b.jpg,train,c8734479725a2b612f07730d4681747681c49c66ea4971b40c9d0cfaea8a61c5,3,0,3,0,0
ppe_0604_jpg.rf.7583d1942806a4caba82d2c71f176d5b.jpg,val,1fc863753f2cd47642f222da1541344029584fe3e1c422095a7e6ddd3cfa6d3f,14,0,19,13,0
ppe_0605_jpg.rf.f70b7fcc368e912f6381cc81a25acca2.jpg,test,9bf98b399f6946ef6cfa0b9e4d55a1d099be42340fb3fdbb47d53e980b6e1233,1,0,1,0,0
ppe_0606_jpg.rf.a8de2780a69d3358bc443d3fcfa83ee1.jpg,test,fd11887da768649812a770f689ede3fb491a35533fab4c40e16cfeb59810985b,2,0,1,0,0
ppe_0607_jpg.rf.91fdb37f2882559264a5435f66c0ea37.jpg,val,e80921f349dd18764848a737e5c2cd988fe830dba870088129e3adb6505e829e,3,0,3,3,0
ppe_0608_jpg.rf.c0a5588212a4becc227999e4cbe6a4cd.jpg,val,7c10f8161446e1627b624a7fba95c5c767b0bd9621048c443d5ca954bbb10fe3,4,0,4,0,0
ppe_0609_jpg.rf.daa6f0234b305cad63600f6b44de6754.jpg,train,4c019c79131d963883ea2491766570709bd42f3423a098c7d31d0f9ea48873d5,2,0,2,1,0
ppe_0610_jpg.rf.5d9550ac37d0df0775a7c3334ff3305f.jpg,train,356401ee12e324c220e9b3be8f11e3d854d001bc53372f3b88f3966935b08d26,7,4,2,0,0
ppe_0611_jpg.rf.fd88d4414ed4a1b6ede061c0c886cead.jpg,train,e411e9131e6b1fc1ee7eb9493d16021969c372eb1e433de54fa5ee82578475b0,3,0,3,3,0
ppe_0612_jpg.rf.3ebb27b36a5983f6bfa62dd497f4c151.jpg,train,8ddfcb67323ddf1f78d6c48d98cd71ee72a9196c2a7a68e648a289ceea1941cb,2,0,1,1,0
ppe_0613_jpg.rf.d5645ab28205e1ee25c5b20719cc1a19.jpg,train,6e16553936bb92e543a197866c9bfc4fff7d6bf9e69f78a69a7fa806096e93e5,3,0,3,0,0
ppe_0614_jpg.rf.e76dfbe5afb176f8976310f7c378b8c8.jpg,val,11a3a69bfaf7b4f6e775fccdeb9d18b8317b13981886d6a209f807d63cd7f681,8,0,8,7,0
ppe_0615_jpg.rf.646120cc5cd0ffd097de5ab5b91b09da.jpg,train,2d9ca3be9122e4db3be00523e1f5b07e72da3c4769be2be254a486ce09d0ab5f,5,0,3,5,0
ppe_0616_jpg.rf.9d6173d173d199669eab8c15abc0ef30.jpg,train,4896f75e042d396abd8edab7dc37099598c1ef7f514c057ba9d04820c0650f45,6,0,6,0,0
ppe_0617_jpg.rf.6206d0732a7776ce0451712ed84cdb25.jpg,train,5b09b850a1dae0fb8527eba43feeb5bd9e2928337ea350d6ddf2d0cfda82a20d,1,0,1,0,0
ppe_0618_jpg.rf.200db3898f3bf50d587b37bcc192b6d6.jpg,train,09addf920d21bff51ab479af0d756834be4ff084c5b362a6e36d6e1d5e9e458e,2,0,2,2,0
ppe_0619_jpg.rf.94d24cdf0b07f118fea5cdfb8846ccf5.jpg,train,1a59aa5993fe651d68c596e1861363305ad4b6f7d50eb5f80d0b5db25f6e2719,1,0,1,1,0
ppe_0620_jpg.rf.c2bcfc2a8dc324a236688b93cb36e297.jpg,train,9d2e0a03b21855189c3d870befbbd8c8da07d0980a8d186df2a53777e51a3532,7,0,5,0,0
ppe_0621_jpg.rf.b9703629a6cb235a95b3a0cfbb980fba.jpg,train,ac8bb1601d7d16dcbad2be7c33b6fc3c94e0d66735942efa4474562159940f72,2,0,2,0,0
ppe_0622_jpg.rf.10ca69cf9056f6e12d587fa12202f380.jpg,train,a33787651231f64d27cd5479f61c417052d030d6819af7c07a761dd395a92550,3,0,3,3,0
ppe_0623_jpg.rf.176d27dcca40d83a2899dfa33f52211b.jpg,test,e02029cf1f8cc0c8dedc5b52e225833721804a813c1d8280ecf2d3db06be8b12,3,0,3,0,0
ppe_0624_jpg.rf.a2470ff32c63500ef81ea0b8ffbe7df5.jpg,train,94bae5a054b936b828946ea5fa918082c648f2f12e490d46aa79fe0c211e32c6,2,0,2,1,0
ppe_0625_jpg.rf.857487518221f9e3349f11ec66846500.jpg,train,e274d10a1b768a6b44b45c8f9cdc99e717720225ae7969dae3751bdc6b81b352,2,2,0,2,0
ppe_0626_jpg.rf.776e939c9ea93cc29396697c15651dd9.jpg,train,6eab9b9ea934f24748a9b891253b3cc8ea4a66398d9ce405cd8ca1f296041bf7,5,0,5,5,0
ppe_0627_jpg.rf.524b4978d32c664188fd8e9e3e24d0c2.jpg,train,fb7fbbc378a57408921c92848d7af8ce8b63c01c62bdebab6fe4bcb51714e5d6,1,0,1,1,0
ppe_0628_jpg.rf.a604e8d6b1d252380f9cd67abaef3b9c.jpg,val,61013d9d01f0930734d7e0f3922de2dda3db8c6b43d61f186f667529040a290d,7,0,6,0,0
ppe_0629_jpg.rf.cd863a9a4b55663f5d69527d78a76bbe.jpg,train,a79d6f1145fda36783de76573e5b32b071d9e6df8e51e17427b7889d8895e57e,2,0,2,0,0
ppe_0630_jpg.rf.f577c3ecb14e5666afb50343996d5b66.jpg,val,1d4ffb1b1e3941e92ac0506a27db1934b1b27e4bb5561ecf94ac5e31c4639505,6,0,2,0,0
ppe_0631_jpg.rf.795008542d893f8580ef38a17bf0463a.jpg,train,28896e1cd4d26d046c34a8b92a1ab6f8a83839ac91848291ec567b552f06885d,3,0,3,3,3
ppe_0632_jpg.rf.2087379acfd1d66e662218ca112f7801.jpg,train,7185d9f127a2297d041f16f5538c7a2f19226cf6d44322ea60a6e4324176c360,2,0,2,2,0
ppe_0633_jpg.rf.9162a0a2d69050d84991ba7a4dc05736.jpg,train,853b05926c74a22a90f3800633d255505b9252ad00a6b2abbd6a26ea5a9aae88,3,1,0,2,0
ppe_0634_jpg.rf.48d0272fe3f7ceb26686e83e8c98d823.jpg,train,990fc388c0ad7fad49634d46a2d6f829c2ae713f49484fc117f83b1c00f5aeae,2,0,2,2,2
ppe_0635_jpg.rf.9867968f22c9d987c0fbf4b0f8b680a8.jpg,train,05995fe3763d3ec2745c0e8b311f7a184211423c0254490a2f605ee11c37a5fc,3,0,3,0,0
ppe_0636_jpg.rf.bd44e69de56440f45364ec3a4310d047.jpg,train,18657f2d3f1c20b0025bf6d5c690cf0b007b45ce37686beb88b4ae3f0a8da5b6,2,0,2,2,0
ppe_0637_jpg.rf.90ac68d86ccca7d89bdca580a891e923.jpg,train,afd42f471b94d4ed56ff80e6ebe9334ef2fb2215282a53db00abf5c7f57b0953,3,0,2,0,0
ppe_0638_jpg.rf.c0529750e1bf0b5b079cb1caa6247de1.jpg,train,67b960d7036dcbc78b9879593f7e40fe3be9903e0807b89b3d5038467093ef74,2,0,2,1,1
ppe_0639_jpg.rf.cf5049107ce832cb9f28f935f0c7f42d.jpg,train,12587c28f6cf82b12470c6a6893c8dd036a09fd394b21eebc001baa33cb2b483,1,0,1,1,0
ppe_0640_jpg.rf.243d69ea8ab7bbc3c17b41a940791912.jpg,train,ae43bc60b87ab98f90f01d1406d9b8f4501dcb8d47c1aa7c1de0f6e72c3b1542,3,1,2,3,0
ppe_0641_jpg.rf.bf6c256adf30913adde5f2b9a90ddd16.jpg,train,e4ddbd7d6a6cfa48139a030e9a403aee3de65a0909bcf607c11fb74fc4ebd334,2,1,1,1,0
ppe_0642_jpg.rf.7fbb9409a42ae47c3613108e088cc971.jpg,train,3fcc020bc38b143752e34b694b1793141a143924e35fe34276af601cfbaea2c6,3,0,3,2,0
ppe_0643_jpg.rf.38d69c9ac230af76903211644bd69fe3.jpg,train,46d64c40acc3372fb3855e34e8771451d60d7e05861fc9d6f4e4232d586ace70,3,0,3,3,0
ppe_0644_jpg.rf.f10aa48be9f35745d33d94de5bf68ba4.jpg,train,581a875db6e40970dc051684f7f9165d8f8faa48ec28741d6255774cb45558fb,1,0,1,1,0
ppe_0645_jpg.rf.3855495195a831fb1f03750461988e96.jpg,train,b08746647d4842b5ff5f7f8d47da556cc68a8d04bd0af5c371a2c4a542654149,4,0,4,4,0
ppe_0646_jpg.rf.1bbd61abf164e59fa984628f0ed65302.jpg,val,49e13cc17a59698f82a69a40175cb12a534df4d647dd41bcae1d6c4b3a51ed8e,2,0,2,2,0
ppe_0647_jpg.rf.9971c725cd367e533f50ace8b4affa36.jpg,train,6c7522d10c91eb28262b20cd20b96bad3d690b0c439288531872ac79ccc18f23,2,0,2,2,2
ppe_0648_jpg.rf.cbc6533c60b9f6c254041bc1561ba003.jpg,test,3f316d3b5dfff2f2fa536433b9f65d140f37a681a96b88915f0b23a9de431855,5,0,5,4,0
ppe_0649_jpg.rf.a1932f45ff6051a596e5ce58a8c7cbf9.jpg,train,ed942429c8d295ad3b750e7a8eeb6046bbcdbbd8070a86ce45d2c8ed0aca5bfc,4,0,4,0,0
ppe_0650_jpg.rf.49c06721be6cd023c66b84376e910ac0.jpg,train,be08a7737135ed50b6e279a103883bb443929e6d20d5dd6f68d878133ca2e75c,2,0,2,0,0
ppe_0651_jpg.rf.6a52a703e49e5518f26bd50962e88038.jpg,train,4f8f92b32711c930e0b77bed218dce8063c41e126493aaf1c3c3ae365b2ac89a,3,0,3,0,0
ppe_0652_jpg.rf.d2ec6b73480a5e91261d7091fd8b5c06.jpg,train,1d182f98882fb4450e6a4b10656d8007a0c80ff2c2c48dd4aedb724d9eb7868b,4,0,4,0,0
ppe_0653_jpg.rf.452b04f138e80208901ebd5e3b344995.jpg,train,645196fc089282870e029d108cd2a0ee4e6111ef3d0750d202dc2648bfbc8de0,4,0,4,0,0
ppe_0654_jpg.rf.c5069ba23f76188240c14d442369834a.jpg,test,56e70c77199d9c82c340a1c056b37361cb7e2570489c0ca390a5e980365e00a2,5,0,5,0,0
ppe_0655_jpg.rf.70e1f6a5f086cb82d8d5de0d6591b44e.jpg,train,778569dfd2409c41291baa819042be11c876fdc3a8995fc09976377bb937e6b3,3,0,3,0,0
ppe_0656_jpg.rf.08bfa81d3ca87310b5b018475751c0ec.jpg,train,b9ad0f114127e25e51f034fe6ab7ff7b4dccc0a096ae6c6cb59d6233fe52d33d,1,0,1,1,0
ppe_0657_jpg.rf.a5c0450acfb67a8364f5e41810664aa9.jpg,train,7552a22a1b8aa343b694fb280385484dc1a0a1d9dfa46817ccaf3b755004f079,2,0,2,2,0
ppe_0658_jpg.rf.af2c34240e2752e20d5ab647c10ba7c1.jpg,val,7d5b703cb19e2d7b4dd0ce4beeca2b83d1459e2f505f6599c1f3dfdd463bd771,3,0,3,0,0
ppe_0659_jpg.rf.39177f0659719bc833fadf04521f6ef9.jpg,val,d85433061f3c09b58355de68936162d1a14c961bc4609c2997259e21f738a7de,2,1,1,1,0
ppe_0660_jpg.rf.8d9bf6f4cf78c1658881642307ba4fd4.jpg,train,fc568a767fed9cbf1912d927d4486905b1939a672a5b4c7a794bab5dbd8afc6d,1,0,1,1,0
ppe_0661_jpg.rf.cd6bb7dd6de62be1633039a692e947fd.jpg,train,bc5625bc28a92d7df0958ec1853b3c35643ad7b37e396be1bc4caa9ccf551b94,3,0,3,0,0
ppe_0662_jpg.rf.f89d60de14d09acf20079f2f08e11e7e.jpg,train,a08b27f2b3563018f642b17d9bdb73b1ca7008cd99733db4900011f4ef3994be,3,0,1,3,0
ppe_0663_jpg.rf.93737e61ebf24126ef7c4758e8e329d2.jpg,train,4e15fd156b061432bc11294f9e851d54e11291a1e95b2e6c83f6b6d64de250fd,3,0,3,0,0
ppe_0664_jpg.rf.b07085c162e869bfbb6b05c6cc7d629b.jpg,train,19074f6ddd4ee353ea795f86660c711528e809697137194f161ca41d810ca06a,3,0,3,3,1
ppe_0665_jpg.rf.cc5f8d3f69c86b3562599af9377d626d.jpg,train,d763cb8d62667e2e16810c8841f8bea1ecc2d6fafdf9669611c1980dd5b178d3,7,4,0,3,1
ppe_0666_jpg.rf.9e00d319657ab00b8c7286665094b9e5.jpg,val,4217897626c6160ad0a95b84fe18d6d55a5608001e070511d1df5cb35391e5f5,3,1,2,2,0
ppe_0667_jpg.rf.400cbcf427aff4b938954001ebed33fa.jpg,train,7a0236528b3a1abb741ddf4d86d6264be0741119a3fc23a402f1c2c048a9abe7,5,0,5,0,0
ppe_0668_jpg.rf.4151bb0e1527d1f52aaf24dbc6bde9d9.jpg,val,0f89fcfec0e2a214931e89d9fe95d271b9a926abe7d594214666c7aa0adabf75,2,0,2,2,0
ppe_0669_jpg.rf.83ae481fd306d5a82be286322fed85f1.jpg,train,4cd6d17c6d08ded3737b13acae7ace0e8ede0fb2994c8077cf5b35440b803c04,3,0,2,2,3
ppe_0670_jpg.rf.f5509e761d650f06b357d80eca862eff.jpg,test,c1b84d379424c77f68b817accbb71d184700e1289cde4c40d0e81193426b70d9,1,0,1,1,0
ppe_0671_jpg.rf.33da3cbec6ccaff6c98046af4d23d743.jpg,train,3f1d8c78416130d7e08a8de70d68e05c1716c426ad58f2e37b1e3ed97ce448d3,4,0,4,0,0
ppe_0672_jpg.rf.d28605ea3e9d0de46af000e0d792a85e.jpg,train,77b8ac1f8a3c511c89336a287acd9559fbfd74a87b0a7477cd69c7d2e8780804,1,0,1,0,0
ppe_0673_jpg.rf.785afdd288217ae879b35ec2cfca1486.jpg,train,8e42ee94dd9f2707e044c5aa80206ad613d98b7d641be1fd54e99a6c7a133650,2,0,2,2,2
ppe_0674_jpg.rf.3912fce878b2230bff171dd6060ad736.jpg,train,9fc57ab60cb6dec809ef31f70529704c2e0839b018426127c4165aef7d4fbf01,2,0,1,0,0
ppe_0675_jpg.rf.05eab49e22440f2e9f71eb1d89047f68.jpg,train,28da4017077605f0c4b1b3709258ba54b16fbb090af5f0c9fda4ffdde09321af,10,0,11,0,0
ppe_0676_jpg.rf.f95b6e7e9db8c220a366865b8173f605.jpg,train,15caddf9c2ab75ed96da173e0ab9c62584156ce8fc808991a642b8d54a9d49f9,2,0,2,2,1
ppe_0677_jpg.rf.3ccdd23c0dfe5107af2b5571116f9ae2.jpg,train,6497ca2089c8ed17ea88a8f64d20c6348687ae0a33ae530914359eb891dd985a,3,0,2,2,0
ppe_0678_jpg.rf.0c3221adad46285423c16166132f233f.jpg,train,e85382dc041bf502c8b1c9377a51a3338787aadab7b11b51e2cd5e2c324328d4,11,0,11,5,0
ppe_0679_jpg.rf.2df69c5f63521cccca27608bc6ffcbaf.jpg,train,d41f002a9d18c0d331fcc0d681a431efa9fb78a8ae0b71ac9678ffe274a909b1,1,0,1,1,0
ppe_0680_jpg.rf.d7564bc279376c004f70c1e76209c944.jpg,train,77cd2ab896ea0741b2ab7173274b3b5a653df5fb1584655762ccf7cbdc851025,2,0,2,2,0
ppe_0681_jpg.rf.ec29397384fe8fb5e221a8be155a4da6.jpg,train,b579e64042f33ba55d15932b85787627fa02cceb22b7aa811045e4af937fade1,1,0,1,0,0
ppe_0682_jpg.rf.e64a7824563e9c70ebc708f766352529.jpg,train,861cfd46be717e67dd5435045a20e0c8957d21f6a20a0847da1e5da96c024c46,2,0,2,2,0
ppe_0683_jpg.rf.ec625d514e302b17ab7c3ad8cbe851e2.jpg,train,4b752d4094d52ddac33c11ad1e49e88ab68a291dbfa9439bbed957d9cc1c6d1e,14,0,15,9,0
ppe_0684_jpg.rf.831588da79775bae1bb36d62668e4ce9.jpg,train,6502f0a215e430a60afbd61cabf3ed2b36d5051bb1dc00108a9c7e7a5ee8720b,2,0,2,2,0
ppe_0685_jpg.rf.af06e329dfb979fcba797582f650a01c.jpg,train,d01b7ae471e1556a34fa0a5911f231239a2c4e00a1d9b711365cd97fd798700a,1,0,1,1,0
ppe_0686_jpg.rf.c6a9685fb868d3d3e455fb169be3edfb.jpg,train,2dbf787afa69cd004f41a69d9cb50339239062052c413e8f4fa4dd6707255fa0,3,0,3,0,0
ppe_0687_jpg.rf.f45442d6c3abfc18ea9487fb775e1bd9.jpg,train,be0a22d611271fee47bc4ce60c5d2708d7bd5767478fe37833ec62b929929796,1,0,1,1,0
ppe_0688_jpg.rf.2e0bab5c75223cadb10cefa94b9e88f1.jpg,train,430e4a6f03bddbd6122d0df0f473a7eb6508d6c0bdc4a5640acd354922afc9fb,1,0,0,1,0
ppe_0689_jpg.rf.d45403817296e4e79c38d630fd6191ee.jpg,train,3d78b7ff8a1ac5fc5cb45b9cbf242fcea5789c1acc9d70594295c59cdeb8afde,6,0,6,2,0
ppe_0690_jpg.rf.52d73ff58d74312025df6a459f31e73d.jpg,train,6108a014b2d918b678253fad4f06fb9a08ae34090a0512ca233a0541db75d012,2,0,2,2,0
ppe_0691_jpg.rf.0027b34992d61dc80f9f2f806f7a80c5.jpg,train,01c684a2daeb4c4d5c83ee93495b543f26b19f8fdfebf7071e1d24c79d048bec,2,0,1,0,0
ppe_0692_jpg.rf.a23499b0f31583112505d0eb2754166e.jpg,train,46e8c85542f4bc6d4497746c96b8654ff431866d2646268bde11bccefe607162,3,0,3,3,0
ppe_0693_jpg.rf.09f0e6dba1126e06418a7d5dfe9be9d3.jpg,train,cfcb3050f0b5cc2a211965432f55dc4c2c821b9998c3715f922acadb0d3a0e89,9,3,1,0,0
ppe_0694_jpg.rf.cd0bf58349be5a316f08510d55153a9f.jpg,train,86c048e2b46be4aed079e9a455f990976168648bb32c8254d98a6bc762888320,7,0,2,0,0
ppe_0695_jpg.rf.3fb7f392a54e2aa02de4b4fb65f762a6.jpg,train,f8e7393d9aa3dfa4fffef87c073acf6c63638dbf235ffe90813ea41ddfb0eb58,2,0,2,2,0
ppe_0696_jpg.rf.597995da38e49966bf60d2c09d48ab05.jpg,val,46b4f176660b7e2f373f212f87905e2ee38d0706b74ce9d74808af5bb4983ebd,20,0,14,0,0
ppe_0697_jpg.rf.90310d21bd407c434f883a8c1f8dc2eb.jpg,train,61fbdfe1fc3cd3392c8215b5ca0c80ec5c66cf22e380e29b9d0c9564f121d8f2,8,0,5,0,0
ppe_0698_jpg.rf.978186d7f11a7df413473e51e75e743c.jpg,train,199b50564c71ceb2bd2074317914730e0222d49b1412adfa01eb6c2519d62bb3,2,0,2,1,0
ppe_0699_jpg.rf.938d8db2beab2f068881f61444dabc2f.jpg,train,114a4c0f7b9937a775792299d28d592d0a00eb9b307edaf19d91f702af60c0ce,1,0,1,1,0
ppe_0700_jpg.rf.e6595cf9842963d16541efdfe08941b8.jpg,train,fa7409dc3e3e420cff4b75934ce2062bc2eed49fb132ae93089d431c1cf9214d,1,0,1,1,0
ppe_0701_jpg.rf.06d2f2f3065918177e0ba16eb74c75af.jpg,test,c60b0bec545473122515a3302f70e8a6175ce1aa6e40adcfe6257f8b844670d1,4,4,0,4,0
ppe_0702_jpg.rf.0844d29fd31203f1bf13d55170a911c3.jpg,test,c0f0ac6aa339e24455a128a038b44027ee8ecddf9f04ae839566ca4a02f3c64a,1,0,1,1,1
ppe_0703_jpg.rf.94a4a1a1f6787eade5b0f1fe9e141944.jpg,train,f5b0b2d2b7568c9861493d7703847bd7304ac526a97b5fb5d59a994b150f9c69,2,0,2,2,0
ppe_0704_jpg.rf.3c8f845356667d5990af1be77ee33692.jpg,train,2cd756a9e3db7bc548771431fbdf89d752f97c01e5b234b00ba2f13083311071,2,0,1,0,0
ppe_0705_jpg.rf.44da3e7e12e74f9320af691d932e5878.jpg,train,97f722fbf484f2459c04d3f19d1bf877cbd355bda11a41be6a20a7d42f432cbe,2,0,0,2,0
ppe_0706_jpg.rf.a640b8c0782f4017179841675efbec89.jpg,train,7fa61b6aa7c87249ad2ba6f859d95a931d516141b3f4dee2f94b4f8d7b1ddd8d,4,0,4,0,0
ppe_0707_jpg.rf.a27e594b232da1b4f643348355a07337.jpg,train,9bc6c5519cb88075360e3267f1c1d572d91c098c3d7347d43f5d0a6adcd0bfa8,2,0,2,1,0
ppe_0708_jpg.rf.5855480c3ef36e7c2a3807d214870abc.jpg,train,b25ba092f1530d4c7960c3b53331be6047e79cf86952517cf400350b6a4cd4af,2,0,2,2,0
ppe_0709_jpg.rf.fa2935aaa71d39369141e3b94476ec73.jpg,train,5aad3b6bbc0a0f7eedb6d0bc1bc7564ba29ce5ae846b05c8a2f49519ed39796b,2,0,2,2,0
ppe_0710_jpg.rf.c015c39b84c23255c988762ff358a98d.jpg,train,7ac9ad8dd746d7bfb4a0cced5740c49da14b4e7cbadaf5259a04faaffcabedcf,8,0,8,8,2
ppe_0711_jpg.rf.616cb06bbe898adc517c2ec5b1f0588d.jpg,train,ed64fac8453e53ed804a0faee76cf16c3e44108ab9962de6088f69e32b189b61,2,0,2,0,0
ppe_0712_jpg.rf.e43d4a551259ae12bc88741e75f03217.jpg,train,470f46d8144232add7a7fb7fdae8a6a2d2373e94a9e5698d82a46720807791a1,3,0,3,0,0
ppe_0713_jpg.rf.6ce31240d89b6f9287ddb6942319d180.jpg,train,a62f58fa77b10f2d11ddde77e3bdb4a318f052af8ea51945bbae10e91bf03d1b,3,0,3,2,0
ppe_0714_jpg.rf.1a4e34ff818472bf079093501c00c401.jpg,val,7d44bc4baf1ecc00928885b1743b50e2e27481554925ee9a8ba6996fbfcef8f8,3,0,3,0,0
ppe_0715_jpg.rf.3eecec0302c71fb07d0500cbbc0413e4.jpg,train,85e42c7974a84b52dc5038ac514d5dc7cd16e98129519ab9285729a5bb124950,3,0,3,3,0
ppe_0716_jpg.rf.9992b75d8a2f4b4caaca986a413cdc6a.jpg,train,92e61fc7208a99ffc5361a1766f63a09c5d55595e11e11ccdab50775bd505d06,2,0,2,0,0
ppe_0717_jpg.rf.3399bbeaf194a68586760985fdb5740b.jpg,train,693f64e7397d59dc7faf5999535c3e32cbc95e7cea778af3c4993a469a5000cb,2,0,2,0,0
ppe_0718_jpg.rf.01e3bf2fe096966c49f569a32ef84e8e.jpg,train,22bc25457b5879f35da3f1eb1a9ae291b97985694ed5e5a8dc8e51874106969b,3,0,3,3,0
ppe_0719_jpg.rf.5a52183528418512de8cff202e938ad2.jpg,train,928589db441d06a9dd4d87ebd366d7f02299fcd981c9e71b08b8768d15dc17a0,3,0,3,3,0
ppe_0720_jpg.rf.b289e90c40a1c25787b9dfc396c7364b.jpg,train,69758030a77f8f6b605c7ca46af1fab4f0c9b1d6b322018f044573f6862f2d33,12,0,13,11,0
ppe_0721_jpg.rf.2ab18bbac321ca0581498a2e2db4830e.jpg,train,97512f97062d4800b8a186663cece5cd36b48b24351f813e6e983c5e1fff68c2,2,0,2,2,0
ppe_0722_jpg.rf.a7c374c99efe644ff249d0cf36fa69ec.jpg,train,eeed122683e6099b3d54a0889e154926dd8961b1e0a9689cf732d62426f721f3,2,0,2,2,0
ppe_0723_jpg.rf.1cfb2700c97504591bdb23a8945eaa18.jpg,train,3cfb3a7966079f13daa7d48f6c03aefe3995a22e3efa8ac4ce1461679f747fbe,2,0,2,2,0
ppe_0724_jpg.rf.26845ad4d0c01768dd2c273722762aad.jpg,test,2da20e6dc3528f84e20bfdeb701d9298a93ac5bee6348dd321368f84e435a719,2,0,2,2,0
ppe_0725_jpg.rf.51caadf69a4348c844dbfd1c303b94f7.jpg,train,e850a2029f1f30b5311f1d54854f300b3462b2bc8538e3ca2e9c630fc941ea8d,2,0,2,0,0
ppe_0726_jpg.rf.c2b817f4b6d0d35cdc15b98cc5fbe567.jpg,train,fecb1659367ff3d9748a7e76df9987c8268d7ab45656f5eb7d33a723545f550b,9,0,10,9,0
ppe_0727_jpg.rf.e9dbedea484dfb71fafba1087bdc7dbb.jpg,train,3a41f6f3259b55095348f9cda03223ad59c4d86e10739d43f4d00b8c1c827b7a,5,0,5,5,0
ppe_0728_jpg.rf.1614784ba40f65a06d83ef738006e709.jpg,train,b7e00e8702f4882d5af1b745a94264b51965d9a11283ccb3c8acc784ac450dab,1,0,1,1,1
ppe_0729_jpg.rf.b1df715cdf5fddab3479519ee80c07fd.jpg,train,02e9e39ce685635685b9c51661fbe75c4deaad9dd650bbaf02e267083bdd4a58,4,2,2,0,0
ppe_0730_jpg.rf.d4972ac87b8d240ccf029f8b6b55d252.jpg,train,bc87d0117601939788a1be1718188d9cf8f4b69a4d7fd42e54823c77760b38dc,2,0,2,1,0
ppe_0731_jpg.rf.690a1a557ac7ed535242b3527daa2fa8.jpg,train,90e7aee25aa8fa23c24aa247285e87fbb680b4db7e29b3bed5a3d1fd775e2f5a,5,0,4,0,0
ppe_0732_jpg.rf.a3f43385e7e495c621202febc39342e6.jpg,train,86fab5f4c3b37eac39c7f0699a9f34b73f6b843c3862a63edee86022bc9b117c,3,0,3,3,0
ppe_0733_jpg.rf.7ed607e4a452d073382fb0a1c9e2871c.jpg,train,25a41e195ad7075e167e691614fa8dcccbc47ea33e7a299c72ae43fb0d0dcce6,7,0,6,0,0
ppe_0734_jpg.rf.a7c6fdeb14b5b3443d58a3420da6af41.jpg,train,de8c93d39ba9d7d1dc3fabb87ac38f06798a08dfcab3b6e7059e22e903b52be5,2,0,2,2,0
ppe_0735_jpg.rf.52929db02086edeadd1a89a8c6c6d892.jpg,train,10c33f0afd0a53e61b01176b198b185b724652368a2ee3d0d4987ac4cfeb39ed,5,1,3,4,0
ppe_0736_jpg.rf.5d5e99a469d1e9044079040b12429fdc.jpg,train,795b946462cdeb4844cef59531b865f65db1f5f7d40cf798f247f7f8b04ff8c7,4,0,2,0,0
ppe_0737_jpg.rf.a2953f90a2672aa11b33b3bae2374c22.jpg,train,08962ae6e052181d550ab37e18785ee152cce38aad77ea44e40927f5558c5c0d,1,0,1,0,0
ppe_0738_jpg.rf.4c31622df98eebb07a5c09f084ba2c82.jpg,train,20f7d59daa016fadf6d01d41b2c5507b17ade88c0982c5963dbf7b3e99e6f9ee,1,0,0,1,0
ppe_0739_jpg.rf.9c361c97298f8d4ceb46e9e7c99660ca.jpg,test,b7eedc9630f245e0d17397a187c6103ede49d2cc5af973c62651de9fcf08ebc1,6,0,6,6,0
ppe_0740_jpg.rf.a96f0a261ca0a15ba69f8cb3afc195e0.jpg,train,ef1c4946096f8db0b80fa234fcc0bbcebd9bc3e5d306468ebcca9e3cefb6af05,2,0,2,1,0
ppe_0741_jpg.rf.e7a5c9af1ffbaa41abe1a2eb4226d81c.jpg,train,cb16e11e767d633ed23a4c52bee4ec85e0ba0470cf7e256d17398edbb7c9ce62,2,0,1,0,0
ppe_0742_jpg.rf.3017d62248da9cdb3163faa8eda34980.jpg,train,15272c5ff70f72234abda3411fe278ea115a488607d3a286e5977d6272fd592e,3,0,2,0,0
ppe_0743_jpg.rf.99858ce8bfc28a38017ef91925ac9c0a.jpg,train,3539281f0ce1f375cb136f2b48ac02d6e345fe8ba7df5eef8af664043a6009b7,3,0,3,1,0
ppe_0744_jpg.rf.62e921bbc6c0628652867effc14b5d62.jpg,val,61fd781e56dbae4dd0fc8f70c1bdf478d68dbc28ad1eb49637cce9b9ba3cc59e,2,0,2,2,0
ppe_0745_jpg.rf.8e13a97ad09d681dc51702954080cc51.jpg,train,ae3812e66e65fecf4e3dba31f379b0ddf5aa26fff907ae39d4eb9093b1e638e6,2,0,1,1,0
ppe_0746_jpg.rf.88c68f1f31c41c44e0686b41b7d90650.jpg,train,27d3ad528be472b4c77d7b7ec7dd7939b11caa27df6ec154e15b6a8bff677050,5,0,2,0,0
ppe_0747_jpg.rf.9bc9e74d5f2a652c6470e642e494e4ba.jpg,train,d27aa2f4d3e24cce4edec88a9eada3ed57c407e8317743c6dbd567efa3d98643,3,0,1,0,0
ppe_0748_jpg.rf.2518546b6a5cc0e516593dba62ee2ed9.jpg,train,029933c5dc2b87f7318128dbb5c52cd993283ac6122ef7bdd5c14545dedd35d1,2,0,1,1,0
ppe_0749_jpg.rf.5e616398c5f893bf22d4b3eb0c5cce58.jpg,test,05ccdf05a94e654b65aa9fd5ffef8a8eb032e7e00c518efa66bdd306e26d1c65,2,0,2,2,0
ppe_0750_jpg.rf.2beab4b1a08c8b10c4b0d38a23f43ebc.jpg,train,d092d92929be755c538bcce3a268fa5305760d72f5f1c5d17124c20b2c7c41e0,4,0,3,3,3
ppe_0751_jpg.rf.51aa275da8567b189d7cd9e186d2289b.jpg,train,a831ddb07e8a89a426dcd5e20451505309625a225723381b9b109eb2cd6f489b,9,0,9,9,0
ppe_0752_jpg.rf.0261098d0209f47944f0707443cadc26.jpg,train,65ccd3d7496914a962e412e142c0c93d65b12e7b588833d72c7c4b01b93d0831,2,0,2,0,0
ppe_0753_jpg.rf.6b4b9e7e8015ef8a794fcfe6f5cfdbf3.jpg,test,fa56589e57f69cb2d734ee57b7427700f7c969471c8827ecf3871bbd3cd06802,3,0,3,3,0
ppe_0754_jpg.rf.2d9cc3bd7966ee6feb5b55370c5cdba7.jpg,train,5f06fd88d622ef5e82fcdbdff569391173d2bc9be4913e64d617a76f50d3312f,5,0,4,0,0
ppe_0755_jpg.rf.bb50ab756030d88b4521f08bb86da28d.jpg,train,77bba1e269911998242f31cc4dd96fe3dae3e9c859fb03e8141ec85213d1ec83,3,0,3,1,0
ppe_0756_jpg.rf.056fa7a3b1a323e7b8db8e12e8d0906f.jpg,train,b768b4228092743d0cda3ba581cd5d23cd90867d63643b7ada6d90c62a2aab48,2,0,2,2,0
ppe_0757_jpg.rf.fe2d7755d2d6017a184c75ada19fa9f5.jpg,val,5eaee23985b4b8e3f7c2d16b6ffde27e6a865fd510536d54b57676748ba4b10d,2,0,2,0,0
ppe_0758_jpg.rf.e3b55b7a05c5e5c1d38b3afa91969ef1.jpg,train,a1e38535fc2a2d6072c698040e85d7ec92a20a5d9fda15e60466bedc3d59f742,4,0,4,0,0
ppe_0759_jpg.rf.1ed0b64bfbc18c3fbdc16e0083df2f2d.jpg,train,24fd4b4d6123badc43b4939b1d0aed6587f5c2a39339c4efad0c2c711bb0afa3,10,0,13,0,0
ppe_0760_jpg.rf.feba90075b031f0356702fca93582fdd.jpg,train,3c687745562bed47882277c2e8bf6847de327453a93437112b00923f4873b3bd,4,0,2,0,0
ppe_0761_jpg.rf.745427cc23de420ea6c951a4d0cab333.jpg,train,cf91bf5d7120e1cf478b0ea8876b5c0d0614cfea630e25a4b5c523630e8900a8,4,0,2,0,0
ppe_0762_jpg.rf.b3abeb998ef271aef79deb424d353f63.jpg,train,31354725f51791598f2994590a013038c0c75711dd2e3c7f4dbad923a43ee033,2,0,2,0,0
ppe_0763_jpg.rf.23139ca9f911ac5b0be6efc8401f2ae5.jpg,train,6c73ab36fd4283b6e6ff325245256cd7f8ac7e635f2fab6037cb3fd139a18681,4,0,4,0,0
ppe_0764_jpg.rf.73e2acc3d1fc0fbc0fded562fecb1b3d.jpg,val,1f92ac3a4386160759979282fcb90354164f16e4c12dae76fae1c5c5f64af919,2,0,2,2,0
ppe_0765_jpg.rf.46136448e050833057dd64bd1f6503de.jpg,train,a12ad45bf2b42aca539e84d460947c1f7bbbe1e38232464e000345110204b2f7,2,0,2,2,0
ppe_0766_jpg.rf.e4c30467a5aa3d0b09afc0db07a747be.jpg,train,3b7cef982e56540cc3e66855d235935d7f1dbcdbdac8a5578ae5b67a9aa5d858,3,0,3,3,0
ppe_0767_jpg.rf.922e32496d0a18708836d3182ea9ed4a.jpg,train,6b7274d94823f4c40727fd86612f80cbba3e687394e7b5a41f274c7ba4c9f28a,6,0,6,3,0
ppe_0768_jpg.rf.9a710944c84d59cb136e7948dac5d653.jpg,train,135555307ffe2c3332041f59fce1ebb6c01537efe72635656bbb13e1516d3f08,6,0,4,0,0
ppe_0769_jpg.rf.c605c7080194a5a1704dfe7236f48955.jpg,train,7cb652e6ee14eab8a892adbf6fb62197b43a0c624b287d270cafaad34f099ad5,2,0,2,2,2
ppe_0770_jpg.rf.46fa17e5ec034a9118abcfb2d6cdadf9.jpg,train,80988bfa3444765b099a9f36f96637bd49329b8ab5eb852566d00077a47413ba,5,0,4,1,0
ppe_0771_jpg.rf.5862c2f3b2b2b9d41613497c0b7e8da8.jpg,train,d24f43b304f7be0217b3032ef0995f4b095010111e8dd02f4fffafea5df69004,5,0,4,0,0
ppe_0772_jpg.rf.1cd880f609cf9e2b84bdb91604873f6a.jpg,train,36e8948c183e11776ec7e3f5bfefaf39bc31722e3eb0af130a90440dc44d07a6,2,0,2,2,0
ppe_0773_jpg.rf.4668e42df6912f569475d8236e41f895.jpg,train,179bb67e2f999c2f7b196ff32222484df248036b13b46cd2deb4ffcbfa2be301,2,1,1,0,0
ppe_0774_jpg.rf.330cc885be3f254c907e35eb2659418c.jpg,train,4d4b687499208d15c5719ee4da54bd84a804d73ec5ab4c9a40ce79bef410ea0f,2,0,1,2,0
ppe_0775_jpg.rf.2b63b0396df462cc4623b26b8b523a35.jpg,train,1350faa507b3f2f2b585600dc72b01a683a6953727d821eaa5ecd05c34d5e558,2,0,2,0,0
ppe_0776_jpg.rf.645ebf875bd00f04593e11aa6598517b.jpg,train,5350d89cd6aa55a6c36ab0b4bac4677bd611df1fbb9ebf4a46b0297c3462db2f,4,0,4,0,0
ppe_0777_jpg.rf.be36e4cb4dd8f0f0166f36e515f92057.jpg,train,4425933838b18ed3b27952bb402e4c4213993b1a1a4c119cce3d0e856dc82448,5,0,5,5,0
ppe_0778_jpg.rf.e08c362f926c5123dbf5ea1002ef62e1.jpg,train,a49e8b15433e10dfd4051d6becf79a11737414f97342ffb564bcf6bad353abeb,4,0,4,4,0
ppe_0779_jpg.rf.4a91a5207f35048b7262be7f14aa6e56.jpg,train,1d0795780741da9ac3e93e84557332196f189e8eb312d31a95b14bb75069f1ad,1,0,1,1,0
ppe_0780_jpg.rf.287a68ccff0cf91443b5613b496f80f9.jpg,train,837f7d6192c670033612aaffd8e096f034cf0a9190d8cf0ba36232b3fbeb2dda,4,0,2,0,0
ppe_0781_jpg.rf.7ce982ee078a58d6e09d1b9e88122dc6.jpg,test,66052df84579df865ee53403e98393a4477ec87feb2128ec4e060c65219fa3ca,3,0,3,3,0
ppe_0782_jpg.rf.f3438d1655c01b80f9e52d74c2059176.jpg,train,506da07db20fb688b5c11edd2a8d332f408293fd017f7584d7a7810055d0257a,8,0,7,0,0
ppe_0783_jpg.rf.378f54f64013f9e3d56e7673afb7412c.jpg,train,06ff122a9d2100e854468251d056f0006799b503723b1117f4089515a1d8ba38,4,0,2,0,0
ppe_0784_jpg.rf.33554bb5cc10f2edc58ddf7bf08989b3.jpg,train,0b75dc40646378243826ee423d0f1a49bb1e5381a19ca9a167d7c257abb8fbb5,2,0,2,0,0
ppe_0785_jpg.rf.838ddedf3377aee0ef9ad9598c5ca765.jpg,train,4f4f81fd0d302233c91b216626edeb627fd7d6eb9302945d92513ac18765c701,3,0,3,3,0
ppe_0786_jpg.rf.be430d3a79a58d31bcb54cd1688e5689.jpg,test,14d6736d5301ac20b68a699657972da5006967e6760d7d76ef72ae872b9b6655,4,0,2,5,0
ppe_0787_jpg.rf.a7b0a9df9403dc1f0d16cdfa2277eac5.jpg,val,69b7719702fc3f516281b1eb0f4b083118277478ba9e48610e02fa353d919d84,1,0,0,0,0
ppe_0788_jpg.rf.c5e430689de84b5dc879cc7dd9e2f914.jpg,val,edcee11b340535c248eeb18c650f2fd6a444c3f2fb9234695c8f299145597474,1,0,1,1,0
ppe_0789_jpg.rf.a935ec24906002d9c58411f6e54f5d3e.jpg,train,fca92eb07b3f530d26fd78f8cb6c003cf70b8cc73246ca3e5c68c8db47002318,3,0,2,0,0
ppe_0790_jpg.rf.1c4248166ffda99c1075ebc2c778213d.jpg,train,444823aaec2efb5064598eb9aa3e1b6e99405d05773e737952769fa57515f575,1,0,1,0,0
ppe_0791_jpg.rf.170e78a3a529af2236af6db4175fa7dd.jpg,train,160ec292181beec0a1088829b02ebb3e3c057944d5e56e9e137d0f72d634e539,4,0,3,4,0
ppe_0792_jpg.rf.751a88245c3623ece9eec9aa638a15ad.jpg,train,a3e5e740c7e2559c8537c3bd03ef47cc46888858ab0a70b65e3ecfe28ef40731,1,0,1,1,0
ppe_0793_jpg.rf.2525409114efc3326aaaee9299b7483a.jpg,train,3e0a6036f593f9645d801b517a26b13b55d2a464b6917aa54fbc3e686aa38a95,4,0,2,0,0
ppe_0794_jpg.rf.83f63e946a17bd0124d898c50b00d8a1.jpg,train,4988c78ce5e45f2d850fb9e55c4b5d42a89ef25f6ac67106075eaffa4bd0e94a,1,0,1,1,0
ppe_0795_jpg.rf.4ce4725d02c33847118915a922387d19.jpg,train,5b1f8aaa9f947f539f13eb644267031c67b8af59d9f7ba99356b502024435c1d,2,0,2,0,0
ppe_0796_jpg.rf.6e2c3920396f55b1fdc296f5f1055488.jpg,train,74c6ecd1059d39b575b3f49b947ec8fb9253630ed16a21313aae62dcb2834ba0,3,0,3,0,0
ppe_0797_jpg.rf.21e611cad15e47ca6d07ab955bb72625.jpg,train,76d842f2c44bcde0408ac847e53c56a31145a5466708a900a3c01ea61989c141,5,0,5,0,0
ppe_0798_jpg.rf.a4fd9c28769af5a36b7901aa630b636d.jpg,train,6045462f553e056834d389d8e52b436c5920026326a359888b7cf78a04d30364,2,0,2,2,0
ppe_0799_jpg.rf.bd51ac2fe18bc3dd9274c7a03b26b820.jpg,train,46967d774360c69310686e4be199b8adc0c5cdb3eca213c3666dc1fe2bab7298,1,0,0,0,0
ppe_0800_jpg.rf.5ffe9e50186c29080aa321798b250a93.jpg,train,2ec69c3c0580a2edff46c91c6b6ace84116ad1ed6abd5e13f6257bc9c1a45e09,1,0,1,1,0
ppe_0801_jpg.rf.4f0ef7a33febe4f045fe2217b8a081fe.jpg,train,6e5255d63dec72ba3a3a626e19c9a5421cdc5a7e8b3c6d5e6939e19e52090d4d,1,0,1,0,0
ppe_0802_jpg.rf.d4c10fef921d3319b3eb04f6504120ef.jpg,train,cf6b64084ec691c3052f039379b376927f15f9735050788f61287aa976bbc67a,1,0,2,1,0
ppe_0803_jpg.rf.1e8a627640c11aff3b47787f5b65a13b.jpg,train,2cc836ca9bca7150f3618df799318f57c5363d9dc91a224261d689ebd1e485b0,9,0,7,0,0
ppe_0804_jpg.rf.95c7701f3a5b8d97c20f8407484f0490.jpg,train,d51e9342a45ca598c45f7009a4fde8dc8af137a058a3cf0d422d1bf891760079,10,0,10,0,0
ppe_0805_jpg.rf.738c996b7b3a19788a83f29139ea9181.jpg,train,4b36711abdb4a08477c3b2185e796a4315a0f46588cc359bf214285bb5418269,4,0,4,3,0
ppe_0806_jpg.rf.9615c2db4f7c6bc9a7c8d9e6b328f1de.jpg,train,29402a69bfe89ab62ba45fafbc6c32dd3633b59e43f848a19a9ebb9d5c1e6a87,1,0,1,0,0
ppe_0807_jpg.rf.2642676a5106968440a5b3b684411c2f.jpg,test,ddf0c5ced5802fb84b79717b0794d0abf40035b346268bcbb2642500bef5385f,2,0,2,2,0
ppe_0808_jpg.rf.ffc8f90a76ec29f60a54540ba9bf6c05.jpg,train,952aaca8a7b18fd7637f55440a708e0a4b6fe4dec8cdfe0369ecf32bcea82487,4,0,2,4,0
ppe_0809_jpg.rf.201c65d5a3e6aa13f328d4421161e1a6.jpg,train,e9349fcb24c9074dcc028b8962ef01e867eea69d3018a9ca8508dd2766183f0a,4,0,3,0,0
ppe_0810_jpg.rf.d89fe8a8486b0ac077a85648ab59e4a4.jpg,train,67c3de742154530570835de9ff8099dc83d712e488958176047f943df928d73a,3,0,3,0,0
ppe_0811_jpg.rf.1c7e1aaf63785a11495e418b7c47147e.jpg,val,d243f7f44ac018bcdc209be6b2ef5316fc903e454ced656315a0dd38a51a8933,3,0,2,3,0
ppe_0812_jpg.rf.81e970f6041b93638a48c0f2128c10ca.jpg,val,2065900d0c2edae742ee8890cf3b2d7f6efa162ab7e6bedf36e1d373dc9952f2,6,0,4,0,0
ppe_0813_jpg.rf.e242ebdab362400cb55b9d3d5cd4c10f.jpg,train,fc54454b5139995b22c76d3ad1c28b77e2dd6789c15a5b2d37723a1260529808,4,0,2,0,0
ppe_0814_jpg.rf.bb03d72498d65fd9fb7656732273a06d.jpg,train,4425427bcff9e6d5cbb4fc9e78e5e141263308f8ec12df63f4d7d2003f579149,5,0,5,5,0
ppe_0815_jpg.rf.2cecae7f0a2ddfb7eb5dc0cf7d51401f.jpg,test,82536b093d72340c653dfd4052bffbf40aaaf58dc65e7af4c3b4ab0979ef4048,6,4,0,5,0
ppe_0816_jpg.rf.3970e2019171c33acee1f4b8a8386806.jpg,train,241e74d808af0dc03ece0441cf7e9b96052d38e0280533889cfc1ac7e2b82988,2,0,2,2,0
ppe_0817_jpg.rf.a35aaa5a7142f857a4ae6bb8ce26af64.jpg,train,c0fa2f35cabbaae788d2b3a93a9cc5996875ac774255680fa407934c37528e89,2,0,2,2,0
ppe_0818_jpg.rf.38a28ae75df9b5f42a5715790415d772.jpg,test,a492a7d9c1c4eb7edaa29ee718b4a753dad34c6143dbb3524336b3320914adf1,5,0,5,0,0
ppe_0819_jpg.rf.c0ba129049752dec9063689087327bcc.jpg,train,b3682706244d68b404f95c32c8f4a8f1f8aa3f524e5b20f3f9ff2dd96188e54e,3,0,3,0,0
ppe_0820_jpg.rf.e8b5b4c2c7fea198e9ebbcd6a67b091f.jpg,test,79b32d348eafd2bf615bfb3c62246166a8febf726ba4fe998e8820ce473d9309,1,0,1,0,0
ppe_0821_jpg.rf.b6f9feef400df3d2248a00385e53dcf4.jpg,train,779938f4c2e7f22398a474c44017e005e390a0fb1c2a1c383041961dcb1f14e9,1,0,1,0,0
ppe_0822_jpg.rf.8e1baa3a4a38325c22b68abd5641ff5d.jpg,train,59d19d67103a91007e32dead4a06baec5ffadd3d7be2d701162da67d42ca9c32,4,0,3,1,0
ppe_0823_jpg.rf.46c34cbd7be29b995c47d382f82f34e4.jpg,train,2bd333bd2a263f2f6b69d68b78fb802d9eda9717281804e9ba604c2200586278,1,0,1,0,1
ppe_0824_jpg.rf.b94227264e9684150bc4d6a8842eb6d1.jpg,test,766bc07af64a3e7d4a3eec08b3953b9c7eb3f68e705b67665f364dccf4031f77,1,0,0,1,0
ppe_0825_jpg.rf.dd1f6230e7907f439928cc793cd13a52.jpg,train,3abd8df281bda91464852309f64136ef2d19f9ab5843eb6c7973c87d8fb6ce64,1,0,1,1,1
ppe_0826_jpg.rf.e6f61f5983137571f072ed66355f2731.jpg,val,2e7801854c8b691519669129650b23e57c02c1e9b54212745afe42c8df27cabb,2,0,2,2,0
ppe_0827_jpg.rf.98dbf685581d95b1409e4d5d702e1e3d.jpg,train,aff339bfbb2080fec121ff2e8fe4b752d66e437d88a76151729591de1e8f0a84,2,0,2,2,0
ppe_0828_jpg.rf.391abb73ae8bbe0da132709cdeeb8714.jpg,train,a2d7f614ab99584579e34bb07009d442864aee31066d67443440d6f20611891f,3,1,2,3,0
ppe_0829_jpg.rf.a8fb99f78a6f53666450e22f57478471.jpg,train,fc91e2cf0c3ce41ac63b129446860e5b46a57fe37109f6b2d6d3b31a195fff5a,2,0,2,0,0
ppe_0830_jpg.rf.5ad5dba9796ce711734ece12095d3a72.jpg,test,25a6714410d2945c71a83569c2e84112dabbe53877b0a3253f2e93e2c6f41773,3,0,2,3,0
ppe_0831_jpg.rf.151a10e4804b226223a3b16ad70c12b5.jpg,train,9eabd6ba7924af7c32be87fc0b676d26697bff2f07a899ff6abd8d21b1dca8f1,6,0,6,4,0
ppe_0832_jpg.rf.5bc592f60c3f323d02f8cdf8349a920a.jpg,test,979af3d1ca7d362672a86926e0674935d394d88f59e64fa342c3c13177438950,3,0,2,0,0
ppe_0833_jpg.rf.71992e26f8d34516505a47d8930a70dd.jpg,train,c4f7d1908e865bda30b5502f95476665989d5295773631cd0eaceff55fd1e8b3,3,0,3,3,0
ppe_0834_jpg.rf.481b74a54f5491e229a6fb28f95f1885.jpg,train,39a30d27686ddddceceaea89fcbbc4b776371edcc5805f79b72a69736abd27b3,2,0,2,2,0
ppe_0835_jpg.rf.b3dc0edd94b501590cc83a8dd67f0c44.jpg,val,9ffa315277e72803d881a6a5d152aaf05d4543726ef0a631ce0817b440f9d1a7,3,0,3,0,0
ppe_0836_jpg.rf.734b149e05b85ceaff57c462d876df73.jpg,train,03e74b5635658c51fe4e1fbc92f73356a731603808f3e3e0a591c61d37450272,1,0,0,1,0
ppe_0837_jpg.rf.76f39f36dd50f8f873c54f0b9783c226.jpg,train,10e293a24c2952e6c686d90fe3d50221eabff70977e75a6308bd823f4fa59885,10,0,9,9,0
ppe_0838_jpg.rf.50db388e9742be0b316d7c6fe4bad138.jpg,train,1bb649f6f7006abbddb84f2a1bda7c89216965fc6b12dd0c8afb02e224bb544f,3,0,2,0,0
ppe_0839_jpg.rf.b59480ee6eeb4dfee8dac6feeead132b.jpg,train,aea9ee3612d87d4ecf77fa226e616749eb045e7bb92544f47f6db5d9fc69d40b,3,0,3,2,0
ppe_0840_jpg.rf.b35757e81311b4773a7afe2a74de428e.jpg,train,8148fc7f8a1854e5fa3af5336f7b44c17aa1655d3f3fef1d6c33f36f61b3031d,2,0,2,0,0
ppe_0841_jpg.rf.2f755ab60cdee29a4776747398e36e4f.jpg,train,dc66ab86f9e9317fee642c2605c1899d4cfba5d877bc8683233c06682f09fc50,3,0,3,3,0
ppe_0842_jpg.rf.81a93261e38fab0de2ea5ae21248eaa5.jpg,train,01c1a74512db155b7c56376fc0175e0c0942b2052c1cdb35fc0138ff7e03f839,3,0,3,3,0
ppe_0843_jpg.rf.57e1d14a8c3210e10d42141c9a1991c8.jpg,train,4e34bc7acfb2bd4a0d1e5813b22eb1e41ea62222ceb56019b3042a59f98d30e7,2,0,2,2,0
ppe_0844_jpg.rf.ce324ac3521d79921c4df3aa4f884e95.jpg,train,20129f6a015e35e342f5ba24ad4537ad047e9463202303af3f9cae53b9c7573f,1,0,1,0,0
ppe_0845_jpg.rf.4752aa3e7410a7e0c27eb9f809ff3a61.jpg,train,969ad61e09a6f59980fc67614eafaa2b8793ff53bdfe5a32ea0ea0506a7880d3,1,0,1,0,0
ppe_0846_jpg.rf.85dca14fe42542eb36444c9338e29dd7.jpg,train,f5f68b0b0d697a51038bac404403a58f4842b7d91ff3630355d5ea4b0419d9a6,3,0,3,0,1
ppe_0847_jpg.rf.b089478dd088537a3eb6303938652e0f.jpg,test,a4958f5b2d5eade850d41d3cc0b2246442db1fb347c55c25e6e9de0aed2f880c,2,0,2,0,0
ppe_0848_jpg.rf.0525e32588e82ec251af360acf6514b5.jpg,train,6695eb9aac3b1a84f7f922ef7d24ea4f252d7c74435c2b694a224fa8f3b536d9,3,0,2,2,0
ppe_0849_jpg.rf.c2123f754065208f6521eeedb8a19d94.jpg,train,cc5adabe2e45e9cc307a2c52bab80485a81598af8994d2f46916015b91040486,3,0,2,3,0
ppe_0850_jpg.rf.731af9231c612cfdf9e40b5ce316a6a1.jpg,train,88a9963b0c59c6718080f075eb5a41c4ad56f45d6fcb43e9e22ee133db45243e,2,0,2,2,0
ppe_0851_jpg.rf.a4b3a06752cc9981b7bc20bb429bb786.jpg,test,57eccda771f1f1a35bcd413b1012e4b0c0cdfa364a3ea1df52a227518771593f,2,0,1,0,0
ppe_0852_jpg.rf.8021dbdb91f4080d0de215b4f9a20207.jpg,train,0d3ea4f2bf41d99bc9b131dbf1502b41ce65e44b044e349a0356ab10dd9605d9,8,0,8,0,0
ppe_0853_jpg.rf.e35d6abbcacbdb3a9a9ebe27fe84a3c2.jpg,train,3d826ae55a6f47268d58c07dd10339d0fb122d8e378acc07469e7c13c7e96f21,2,0,2,0,0
ppe_0854_jpg.rf.52a645c72878a30b5b7d01a90a4a032c.jpg,train,8f3372a47bf05e34acf64da002ad7f7ee49d4ebfd278f82a3f7964529475f3e6,2,0,1,2,0
ppe_0855_jpg.rf.e0b623087b9a0ed060cf933a26d31b63.jpg,train,8e493a4c31a415d2a3ec45a0abaa60ff0359e8c8518044c461891b53d80f8593,7,0,7,4,0
ppe_0856_jpg.rf.848992e77ac9bfae83e1d1e4ef89930b.jpg,train,e96ea78dea27981337c00bae123d7a5e61b6e2e5ba92f01c13073779df33d4d7,8,0,7,1,0
ppe_0857_jpg.rf.a8e2dcaec0056b4e57a2d750b829f05e.jpg,val,950bd227a799a08a65dfdfe35c802da629689a7117a93f97f15fa68f906e0868,7,0,7,0,0
ppe_0858_jpg.rf.15dd68696889092910b7bfe7aaa2a961.jpg,train,a54a20ee1babcf317841afba84495e9c6b200f78fc90de95a8501abec2a0e8f3,3,0,3,3,0
ppe_0859_jpg.rf.85ba896789432e34807ce7cb2809c1a7.jpg,train,ebf6cd9f8cd00ba96d9f601af648c4e77e6bf40f93c8a5c40f5c9972212a9d43,2,0,2,1,0
ppe_0860_jpg.rf.8806643967eeb46d9bbd10bf4334e61e.jpg,train,b57655f6e7d0da2a133736411dd0b207827564510428ae0bdd05d34142663e32,3,0,3,0,0
ppe_0861_jpg.rf.b84dde8dc7556b5e36d84594cedb7199.jpg,test,5025d4fbebc4be79909a00986893e134d1704b99a5897512145e217642f577a1,6,0,7,5,0
ppe_0862_jpg.rf.52b40216d7792b4a1f281c0509813e52.jpg,train,a4fab48ab6357d80cb03ee9b17d681d16524652aadc0f60e88a45ecea4729df1,16,0,16,10,0
ppe_0863_jpg.rf.f274a75213217714c6cf851fbd7749f2.jpg,train,b982fda08dff9a1db8de6a33e5a07d05768256b049e34f602f0f04fff2b94c70,1,0,1,0,0
ppe_0864_jpg.rf.e56765565a8a5ad1a3d152d5ada62c87.jpg,train,b21f2e9bdc6ea62e174f4a79cd47396664767f8006812b755b04d7b71a8b85ac,3,0,3,3,3
ppe_0865_jpg.rf.59901f41cb1b5c34c405b08ab10ea952.jpg,train,58c34e9416b7084dcefff4542aed4c4c4c849ce16489dc4f716dfa072ee2ebc4,2,0,2,0,0
ppe_0866_jpg.rf.383cf6f0ba91ded5f01bd58cc8fc65f4.jpg,train,63865daac7fb61bab6d25a8faff2cce98375274ca18f6d99223314c8abae58cd,1,0,1,0,0
ppe_0867_jpg.rf.aa7114a733cf3aff4fcfd9383fd755ba.jpg,train,96febdc915aac6b165f3f570295487a0bf923024417d54dc23d76873a850e0f0,1,0,1,1,0
ppe_0868_jpg.rf.d2a8ffcdd5963a7ca209cc1001dd8966.jpg,test,76c71aa43b4469e39f4ae13e7060260297545c02fa484b01eabbeec30509b573,2,0,2,2,0
ppe_0869_jpg.rf.7a7debd24055e66c66cab96c28159ae7.jpg,train,6ce60a242776c7f21da1f8e8f5483d1312a40333638954d878893f03da9f1dd6,3,0,3,2,0
ppe_0870_jpg.rf.3cb8bfd537b4f0412efe57803bd3fcdc.jpg,train,7f7d77bbe288b4465a6eb8b28bc8d0e275baf3111a37f1976cf411d663c78d0e,2,0,2,1,0
ppe_0871_jpg.rf.cd9e3a3b37557bf8ace6ae5cbeab5b5c.jpg,test,c92b35edac3bebd0aa951e47de8e4e668c4df0c1f83b137521a136eb1c73ff8b,2,0,2,2,0
ppe_0872_jpg.rf.97c8db01d60f669db6d57c4637914442.jpg,val,a368e679703afae4c819b4dd7aeba28cb87284609b23c343c4ab940ee535c690,6,0,6,2,0
ppe_0873_jpg.rf.8871b668bfa28bcef2b3bc163fe2f670.jpg,train,c0e2e7edb689cc07dc7095778243e6ed7c38d336228f864f9bbd4fe3ec0d965f,4,0,4,3,0
ppe_0874_jpg.rf.cbd274e3693ff9ce836a7610264419d7.jpg,val,383622719c24975b37b12eac090fb9c1babf663e7588dc39b1c46a8d14377f1a,5,0,5,0,0
ppe_0875_jpg.rf.85d2b99811df549809d3cb8e0e0d7ab2.jpg,test,12bf927698ce1d3566a9716bd07a77a58c36a71fa7c4c37a612daf6e88b49ae8,7,0,1,2,0
ppe_0876_jpg.rf.ae6b6a63b3a06e0790e35241d46976b1.jpg,train,2e4625dba583035437b0ddc72f0a4fb69a89016999e8d174a8780c90e588a3fc,2,0,2,0,0
ppe_0877_jpg.rf.c447e05ef64bb7e64b195987f5eb60ce.jpg,test,bb63935af6126f4282b6fa1829bbfc21d44a2513ad55e74f30884914d9f31cff,2,2,0,2,0
ppe_0878_jpg.rf.a4346b46cf7409b4d0da0c22c1be4449.jpg,train,1de967d86bf1cab64cf350045282a32d5022e1b432d23de2e76f8fe9e878d056,3,0,3,2,0
ppe_0879_jpg.rf.2998f973af2d9d0696e1c9298612736c.jpg,train,0ff61d4bacdd92c1ad0eab67379e15c6b4520d9bca00d831c15aae73aa7af1cb,3,0,3,0,0
ppe_0880_jpg.rf.d5b219d97226a8e36414ba23a6dcd07b.jpg,test,1383a0e30e16ee5496d4701443d3a811dd2273a9f60aa8bd3008a5360b250d34,1,0,1,1,0
ppe_0881_jpg.rf.04ff55d7f9bf0f7b903c27ac1517bd94.jpg,val,da48c072384642833fe0e45e85807756a6ad7211df8bc8d89f08a7ae7ed4f50f,7,0,0,6,0
ppe_0882_jpg.rf.1adc3a36a255eef315d5233dc6b131f4.jpg,test,955b6c14e23efa431d61cef8b8aab5cead73485b5a4a1a8686947538bab6e763,2,0,2,0,0
ppe_0883_jpg.rf.4b55264acdcdd169f4acca1bf50c8b64.jpg,train,06feea462282819e9f533f1c46c63d8f56dead9e747611f7dbb3afd54035b6d2,2,0,2,2,0
ppe_0884_jpg.rf.4238d94b71a090b2ef4e61c53ed195dd.jpg,train,ec436f62784638b66486d2ca9f2619f68abbea7dd6bc8b14009222f0f7caf582,1,0,1,0,0
ppe_0885_jpg.rf.626c356a729774a266d2b8b15c48b40a.jpg,train,790c82fa4775bfbdbc434e4527d00f2038b1ad737dd9d95d327773a60eb7ac91,4,0,4,4,0
ppe_0886_jpg.rf.7348692de30476fced7f48f18978b169.jpg,train,105b26df822915626e262a3f9ff17850f5253e13519d8a719ec1fb8a98f204de,2,0,2,2,0
ppe_0887_jpg.rf.8fa38401943c81b9c48cc801ecdb060e.jpg,train,a09ef2b1c5ead7151669f69d81724ae8b748c03f557d84b976c791f8ebf9c715,1,0,1,0,0
ppe_0888_jpg.rf.2a3add032b5de7a630cd3667b4968fc6.jpg,train,6b52011ce05933272cafd72fe3647d3a63a9aab9ee5529df900fcafa70bad90d,7,0,6,5,0
ppe_0889_jpg.rf.425725e1559d519ff558f138b7849edb.jpg,train,bb4ddc9bfe0c01cc5244b7ec4bc93718a5dac7a0f03c564186bdae7dc946e3c0,2,0,2,0,0
ppe_0890_jpg.rf.8aabe165b663ad3f7bb2b392d84b572b.jpg,train,8254b5d1dda2912e5fe5c8de433ad50ddec024f57a087029bf7565c72272ae8a,2,0,2,0,0
ppe_0891_jpg.rf.3680e2f0bfc89b7f355efce9137e2165.jpg,train,c03aecf6d21a7af1a9bf454edd91e3821d15ce812ed74ccb872e9dce0e44138f,7,0,6,0,0
ppe_0892_jpg.rf.1aaedf2e8d84aa2f59d72638753ac293.jpg,train,547394718f838d9b779ee701c8ae05a935bdcf932a3bf469ad929449efd5f13e,2,0,2,0,0
ppe_0893_jpg.rf.b03929bf31b2de5152cdd2c4b936a0cc.jpg,train,866bb18816f3501b6ab326b1d38fd752b12dee85d870532edc591ff238e7d902,3,0,3,4,0
ppe_0894_jpg.rf.7d05beaf4a3d56945c26fc743ae479ec.jpg,train,95ac6e3c8063c24d9f194905065c37f6c3702f71eae2611f224f03c7728c84b2,4,2,2,0,0
ppe_0895_jpg.rf.bffa494ca221fd014c60158975778ce0.jpg,test,1b58abde46bd6a149f69c688ff5716c9f63d0b0ed15ffeac28159616dd94662d,2,1,1,2,0
ppe_0896_jpg.rf.416b77daead817e1abf580a028d01aac.jpg,train,116874d4148411b34d10f08ef0cb22f4db3d8439edaff3ce6534665bb96db012,2,0,2,0,0
ppe_0897_jpg.rf.e974d041feb00cca48a94a4c1be57cf5.jpg,train,1bb7d2ecc68807dcf16dab5d638efa0baf77cea9389dacda7aa9b22b9a31f8b5,2,0,2,2,0
ppe_0898_jpg.rf.12147d58b12f3fddbf9a6155d4433c94.jpg,test,7d149aae4fb97a63a9be0f7944dd5f09a242eeef9ba765fe8e1d09dc8811d32a,2,0,2,0,0
ppe_0899_jpg.rf.502574c7feb2684921359f75e462928f.jpg,train,e01cd778a16dae72d01c8bfac08d50e656961b7d1324f3199803e5c45028c55b,6,0,3,2,0
ppe_0900_jpg.rf.e9d5e2ee7583dd270f097ba0e6330e25.jpg,train,d087f21ba2b79c9f8d29cbea1a47f09a84b9705994b48c99c74da267d219cec4,3,0,3,2,0
ppe_0901_jpg.rf.1b9e506e7c8e6aef8de4ca4edf13afd9.jpg,test,76c2ad189fd806186197eb1755d79add2de50e56aef91df36f25e1b64e691945,2,0,1,2,0
ppe_0903_jpg.rf.caed8ce345d70c452bc998d8fae0ade6.jpg,val,46c49a34fe6a718a5ad58f1dbfb375c5918bf4b0d2e5d0c57dfdb2897099ed96,1,0,1,1,0
ppe_0904_jpg.rf.7ad185d8860dfe549af744403322ad53.jpg,test,91b0268dd6adf31c045245b1d3529600f4d91f8372cfe51ead8b5571d0c7e0a2,4,0,3,4,0
ppe_0905_jpg.rf.2cb0bd82d36ff822510ea74488e02f8c.jpg,train,fb58614d82318d7a363df9d79478cd41575cd0905055d7ae7b2f923f62244c2d,5,0,4,3,0
ppe_0906_jpg.rf.4a1d8ad1e708629d0cd1679ef6f7c11f.jpg,train,c141a73063c082b490d4ca4009e3dc043fbff94e51e33a1a4c73acf691c4b002,3,0,3,1,0
ppe_0907_jpg.rf.759035d20e164f3dac7c079be3214f50.jpg,train,0f29f9f8e236a3df8153b74e3acc5559ad924ee4d7eeb5813e1cd0fbc32629a8,4,0,4,0,0
ppe_0908_jpg.rf.7c09d5c20b83ebfb35f50f0c9ee8bd2a.jpg,train,5f686803f4bb3e945b6273afa1d1829c8d20b24a5f45a12019fb6e02647f055a,3,0,3,3,0
ppe_0909_jpg.rf.a38da1619b9a33ba83f916bc11057273.jpg,test,d253f1636b887c071de4ca31c72513a1213c6c96301bc88f87137cd95ab31769,8,1,8,0,0
ppe_0910_jpg.rf.0a189c86525c57b119359e7d3b663044.jpg,train,163eb5939b836f2978a0cff6835747b865fe9aa40665540629a7ab58e24447b7,4,0,4,0,0
ppe_0911_jpg.rf.b7b7b16e14c804ba1f8e7ab5903aedd2.jpg,train,e5b69082b872d5790afbaef5d00a666ab2d1f82cd708982a202bf9fa6038112b,3,0,3,0,0
ppe_0912_jpg.rf.f28310d93789c2a757608df95a9ba63f.jpg,train,ad7d74e0bc2f7bac0b4b229cc052ab93f21ab1537633bf4671748a8632026820,8,0,5,6,0
ppe_0913_jpg.rf.b651015253e6f81e3d63b1a05fef9acf.jpg,test,ff0e8ca850783265e96883506236bde87c951430b2867d6d9153e77c3706e4aa,2,0,0,2,0
ppe_0914_jpg.rf.a902bc47b96b52da9761a045b750a318.jpg,val,d6b4db7b2665d7baa12e26500419b191d37c2adb2d617a9d5da856984bc756b0,1,0,1,1,0
ppe_0915_jpg.rf.a9b2161b7123d2fca4834b86539f5c26.jpg,val,759a9ea36ea5f5af4710d1dbfafdcbd5171f3129a90e62fc0c8a35a90d9bc39b,3,0,0,2,0
ppe_0916_jpg.rf.f107576c0a7ccc0067c0c3666c534242.jpg,train,1810ef2c2b89065f2d49fe15342e8e42581e3051589c9bd3f8abf019ebee6117,2,0,2,2,0
ppe_0917_jpg.rf.4d1083d87d303e15b01c1d2ba552b80b.jpg,train,12c45dd27c622c45a16c06ed3169f6f4dcadd340e900877c888760721d104ed2,3,0,3,3,0
ppe_0918_jpg.rf.bb5c0bbf528781afb303b0c666a78adb.jpg,train,406180133a84183b3824a97df1ccb794b6602cc2227b0db877bb0f9adb841f45,6,0,6,4,0
ppe_0919_jpg.rf.05cc9956bab28ec002678ddb857259f8.jpg,train,7c5e3b0857ca7caf29dd4aae140eede0e27bfa6ea5be73246be68a034093e5a3,6,1,4,0,0
ppe_0920_jpg.rf.39857a5023aae92ce781b3a463dec980.jpg,train,59cdb20c04766f7cc647ad2f68108b3fb14485cc2d7cbcd7c9f44018ca0c20f2,5,0,6,1,0
ppe_0921_jpg.rf.1601038ad25405ecd5081c9b10f185b8.jpg,train,90250bb062bcb625c7f967ed5baffbcfdc861e7cec27afd2c7434f885359792d,4,0,4,4,0
ppe_0922_jpg.rf.04690f7687a8c887b46fc8c8eb1a609d.jpg,val,db38c1196b385da92ef491884c6780f1d1d3e11c7d9ab36d0302508ac3bf378b,3,0,3,2,0
ppe_0923_jpg.rf.8148c71a8ee8e8a5fb553300eb8deb7d.jpg,val,2dabb8d5fe55f4e29084f8ae82a82ef20af5b4be3120779e0f3bf0a3ac8a4aaf,1,0,0,1,0
ppe_0924_jpg.rf.833c083424fdaa0c2c4340e1f02df995.jpg,test,723a87c09227a2c2da82b25c341460ae4f868bdb57e4566825b44ec134bf832c,4,0,4,4,0
ppe_0925_jpg.rf.1640d02f06453e8b053669c176e13524.jpg,train,b0c7fd20637b3b0b1d1aaceb201297943821a1ef3a06004e650a02788f5b1524,2,0,2,0,2
ppe_0926_jpg.rf.a578e3614b6d3d89f340878a17753539.jpg,train,06931dd86885877f5c0b1122d4ee0b4fe6a59e827ecf58e1043510a6867257e2,1,0,0,1,0
ppe_0927_jpg.rf.30606deef06231163b816f1b6358b487.jpg,train,0fa14648923d1c1d3687bc397c3bf826e3ee7f01b483a06f55131357070f153d,2,0,2,2,1
ppe_0928_jpg.rf.199d281931b959d90aacf11bc3519b66.jpg,train,eaea819a26312a41836ff7691d95313cc163df9afe7f60fce294ef258cb21ecc,1,0,0,0,0
ppe_0929_jpg.rf.d63300c85405c1881165f8cda604fad4.jpg,train,66bc10d211d83e1092dec42b9677916f9f8c3e5e29e97ef0bfd2edcf47146a17,7,0,4,6,0
ppe_0930_jpg.rf.ddf957613147e1c90f06e157e4492c60.jpg,val,7226c619937cb0b2fdc432bed1971f9d50be8639c77da35bd0c6ccd31adedde7,1,0,1,0,0
ppe_0931_jpg.rf.76ccbc46c9ad1c30a0d3b5f0914adbdb.jpg,train,f94fb87d70a58f70afd8cd26af3cf3bfb6948d4c04dd47faac0560a053f9eb1c,4,2,1,0,0
ppe_0932_jpg.rf.1597a104968c51a77e2bc7b3ee0ddfdc.jpg,train,526afcf34d22433855c82f4e87fc7e9edaca64a14ab1edcd85e530d18e532147,1,0,1,0,0
ppe_0933_jpg.rf.592dba7ee3fc56b4be2b7479bc414e77.jpg,train,3358b29f2c829f0ee53b327b32dfadadbc88153d1b0420a9140398a04fde8727,3,0,3,3,0
ppe_0934_jpg.rf.7f5e8fd31527bf170bcc5ea7a2dfd1cb.jpg,train,c6bf1a3320773aaa8d3c08eb8827723013224b02941fae9f85381086134a68ac,3,0,0,2,0
ppe_0935_jpg.rf.adf0a9e7477d3556e4195cb33128c80c.jpg,train,4890ba9f779f15a53a4ac050572bb5343da5eede8c1846b760918303c7acae27,13,0,14,13,0
ppe_0936_jpg.rf.579d8d4e400c171b0223dfdaef12f7b2.jpg,train,7860d5dc6e6ee8aefa1eba7dde4a082c49b98cfe6a8b6a47030fdeacb56c70b5,3,0,3,3,0
ppe_0937_jpg.rf.135d7fdeb0a825d557b25e3177dfccf5.jpg,train,5907e634eb41517a903f1d6ac4c0d89a2141b72e60906647008f22f0906d8eda,5,0,5,5,0
ppe_0938_jpg.rf.927ae455fd7c5eb05ab9bb02baca4b15.jpg,val,40911fe266bb3081b1b9103b5009c5570a14234e05bc2638dc96b9e7be2b6e5e,2,0,3,2,0
ppe_0939_jpg.rf.cc29ed006dbc6617ae71a98b742d134d.jpg,test,924777b9972bfb14d17524a35036adbff885e55aba7938b92928090093cdeaf4,1,0,1,1,0
ppe_0940_jpg.rf.9eb5a2d94111d2f7fa13eb8c5542b65d.jpg,train,28b51c482e24b847814b3a2fa52520e39ddadd8e0876a52afaa81b558d56395a,2,0,2,2,0
ppe_0941_jpg.rf.6d937b858253f3dab84ffa22c23efadd.jpg,train,60e20876b5f78fff60e5c58b09cc049735be3a2be7339ff07a1a74f2e2bff3e2,3,0,3,3,0
ppe_0942_jpg.rf.72916d20f79efb67dbe054832ea70d20.jpg,train,13b426f92c33035b45ca2289f014d84b037182e9bc9b0aad2877574892bc7ddb,2,0,2,2,1
ppe_0943_jpg.rf.faba2ed02ddda10166fbe9c184293bd7.jpg,test,41a328bb569e21a63fb7ddb51f44f06795a1a09ddcb50fac0c64a3288b28943d,3,0,2,3,1
ppe_0944_jpg.rf.88ba2ef14864ef7d3ca58dbb3cdf9e67.jpg,train,f376e12aa6d54aaa331863913ad9316a738ff1c8ad73039e90769abf3b1358fd,3,0,3,3,0
ppe_0945_jpg.rf.10d5d7468903376451e3a830b51a76fc.jpg,train,abf39f4412e58392c7d94d71a23be4b14808eb213645fdaed52e33be83b2755d,2,0,2,2,0
ppe_0946_jpg.rf.62503664c119b44a7f162cd9c64aded8.jpg,train,a2415a12c4c6e09de8819e4ebcb173adf4f9265669fcc54af7c2c4def51b1844,7,0,5,0,0
ppe_0947_jpg.rf.26f040224d0bab67d143951898e4a547.jpg,train,91af846b2e2ec37e267fab844fc85a3b055bde6e3efb9db90449bebfd52c7914,4,0,4,0,0
ppe_0948_jpg.rf.465aa31a370abedb286f3845281e88eb.jpg,train,dcad5d36f053c49f88e77809c3a16cc6df2fb89372216a89b82b468a7cafa48b,4,0,4,0,0
ppe_0949_jpg.rf.247226e1853e0419b343e43fd1c0dc9d.jpg,train,3f050ced05751ef5aa91a596609d5d0bdf5aee88165be85753287db8f1b39033,3,0,3,0,1
ppe_0950_jpg.rf.55811ef405c66cb3e45718d079f7aade.jpg,train,557effa1aa05612c3e8d910c460a9ad84645f51c67d84c64c89b15fe2435257d,1,0,1,0,0
ppe_0951_jpg.rf.064f61c1521f8c8c791fdc6acd2389f6.jpg,val,214cd1c8d852fe64b55dd2ca548156958c89961873fb711672e06f8cdb9a7ea9,6,0,4,6,0
ppe_0952_jpg.rf.97d64c303865c51ff3e74dd1cd3e62f8.jpg,train,b5ed5d049a5e7fce29e93dfa8a6b5cb0bf0527538c6e9d3c438605e9d991ebb6,2,0,2,2,0
ppe_0953_jpg.rf.2e60fd022c83411f4252f8ff177c796e.jpg,train,ebcf899ec541ead8acb6b528698712da2321d8d5bbfec9ece40bd6b876635371,3,0,3,0,3
ppe_0954_jpg.rf.f90a42d2d00521764baf90abaf390f09.jpg,train,5f23a165b4409ad1418707e5aa4d00c5fe9c530ab91e426da01a13b6df2e83d1,3,0,3,3,1
ppe_0955_jpg.rf.b09dbe784660f96bb18e06bb54cf598f.jpg,train,83b1976cf048bb16b3a69d5754cbfdc2d1c7277139e41e7db338e32884aad5c0,6,1,3,1,0
ppe_0956_jpg.rf.059316ef745d9081ca481336bf3505e1.jpg,train,98f2aa5f578ecd7c180d65f5ba283187a284b6c5b4b77d261b049b0bb0ee2376,3,0,3,3,0
ppe_0957_jpg.rf.39c703d2cee058efafb1ea2bdbe80aff.jpg,train,2bbd3450487ae53e9132b04da9cf5a65f72f55844d7322708a4611c9404265a0,2,0,2,0,0
ppe_0958_jpg.rf.637d132e6b750023d36996df6f22b66c.jpg,train,246616773d2a7369f2cbc556bc875380209b67280cad42c14734b6412f00753a,2,0,2,2,0
ppe_0959_jpg.rf.cd2b350307c978b8423bc8be79a85811.jpg,train,ea1567a1d288c46a14269eba976d102eadbbbb7c69fda2f11b4d37d9671967f7,6,0,6,0,0
ppe_0960_jpg.rf.0bfc9739fc8ace757cfb597efb407166.jpg,train,2c7592f6ff62528f18ad0d0e5f6d31bc94ba86c3ff669bef5699fac3bab1067d,4,2,2,0,0
ppe_0961_jpg.rf.e535e7c99933ad4ddaa9543220f19b67.jpg,train,e259e9d42e533839c22dd52c3a2b9e722c58cbaafc5eeb85f779136b40774e35,2,0,2,0,0
ppe_0962_jpg.rf.71596ab504bec2f89f7695685f0a949d.jpg,train,4c6a54db4a42dc0613ffc390080d5672aec56c5f8318d9c065d06dcbebd5e84f,12,0,13,0,0
ppe_0963_jpg.rf.35c62e9db037629a07e363b19a1a05cf.jpg,test,750c7b01dc7c7a5de7ba6b0297cd6c890488d51d1d9b327fb9622b54f0276799,3,0,3,2,0
ppe_0964_jpg.rf.bcc23a67a8eecfa721a7372bfc98cbdd.jpg,train,d44ddedfad8f46c61251d1f9d1459f3d7a6f16d40daef0739696c32894735a2c,18,0,17,10,0
ppe_0965_jpg.rf.bd25a970e5e056cfee64806d2d72e76c.jpg,train,4c9f44c54d22c29450ae2e82f09a9dc1e96cdfc269cc2e31991e7e9f31333e6d,3,0,2,3,0
ppe_0966_jpg.rf.c06e459505b9eefaa8d6b23d164bb07a.jpg,train,0c03e8e7055fad92006342f3dc48d81c57b02e22cf004247c2a74eadef76fc56,2,0,2,0,0
ppe_0967_jpg.rf.c45f46bc709cb608e72ffc88a610c605.jpg,train,a8c9c3389fb3f92183778edba646debebc2e36f92b0a6392f836d57590ed9958,3,0,2,2,0
ppe_0968_jpg.rf.95c998a6fbc29b236c80231f630894af.jpg,train,33aec4a8ba609817854c64128786a6765bfa0c0a8ca7f46a4838f4247e9dae58,2,0,2,0,0
ppe_0969_jpg.rf.05c70653ef783f3f170c6461992eed90.jpg,val,d0de98abeeacefd79ff057aec2cee65cb963e9e67ff51392a4050c7fa3209832,2,0,1,0,0
ppe_0970_jpg.rf.b08d32f949de76bcc10663848ac4807f.jpg,train,4a03fe79848e4982db4e0bcc7684cf836357dd29e4dc47e886efa520c3fa4335,4,0,5,0,0
ppe_0971_jpg.rf.e68c68930746d5bbc5e72d4b90978ab0.jpg,train,d61b7a6526d198f0e094de7cfb89ebb0d833f686d1aff9cb3e5f2f8f790112f3,4,0,3,0,0
ppe_0972_jpg.rf.a1bcfaaaae61d774283d23b7a04b30af.jpg,train,6ebe58e7e7b8634b10b8dae7f1bceba85a52feb757c4362158eebbc221bba69c,2,0,0,1,0
ppe_0973_jpg.rf.3fcb7936319e1cec24491f4692ca8cd5.jpg,val,0927a68f19b298e25caafcfe2842fc0aedcd8e5f3865646371690b359ffd7a82,2,0,2,0,0
ppe_0974_jpg.rf.38628588ca818574c9703558559438b4.jpg,train,63ac00a6e5d8e1ad7f751057aefe34022a320d04d58759f5b1312dc1da1686b4,3,0,3,2,0
ppe_0975_jpg.rf.f65b129a0e7ef2f84a1e7c0b05f18020.jpg,test,4be3a3b2b1e715c9e6c1025a50a06cda35d0485595a856d0d3769d6f4507623a,2,0,2,0,0
ppe_0976_jpg.rf.7b6c6f193a08c1ccda70a0e1fce8ffbc.jpg,train,6a8d4146e0c4eebe2645ce99bf382f7fcbee4ac7ae2cc2f7924c7816dbf1cf13,3,0,0,0,0
ppe_0977_jpg.rf.14966f1957396e8c5ebe846f907a6d2e.jpg,train,50c4c9858e3e7c4271ecf0ebf34903b446e16dbdcb50e450e01564e9a96add9e,2,0,2,2,1
ppe_0978_jpg.rf.88badcfce24c6b69386b0b4ac398819c.jpg,train,029d003726bcefefcc9bce4b6273b7ec7444b9dce98fd1e7c2711e987a48bf3c,7,0,3,0,0
ppe_0979_jpg.rf.5fb3af3533f75ed20b96b83c61ac20ee.jpg,train,af3962c17fb0be2fcc157cbdacf617de11fca634028a8bd90c2061a3a1e34212,1,0,0,0,0
ppe_0980_jpg.rf.a33416804383b7d97680f710c788c9f3.jpg,test,c68ecb180dfd07c730db23ac1f89720bf30f3430d297e7b2abde438d3a837995,4,0,3,0,0
ppe_0981_jpg.rf.63bf05620f102de2a979a0d81aecdabb.jpg,train,5249783d525d954dbe66928a36a8b8180399e28bd680bea441954a0f93a83bea,8,0,6,9,0
ppe_0982_jpg.rf.703e5b824d6e0886f94d33f2489d9379.jpg,train,7a5eb9323a5b561d68d690af951cd1c6977bbc4031dfdba294d16e769f907ee1,3,0,3,0,0
ppe_0983_jpg.rf.fe9889db133eceeb4303d84c865c6252.jpg,train,be7ed2abdfc4d20845348f3a3b96fff261629574f4d85ae67799ce426c0c55f2,6,0,5,6,0
ppe_0984_jpg.rf.f43eae69592971b851082753c9387a7b.jpg,train,cb9d6513dbaf6a2a5adb925404297c9b51cd38a512c7969af4ca24d8b2808681,4,0,4,4,0
ppe_0985_jpg.rf.3c94a82b283b79de5d7481d389bebadd.jpg,val,505b9c9547316cee252b514dbbb974dc729e2f09f602135c9053d0e7fd2b3632,3,0,3,3,0
ppe_0986_jpg.rf.7d15690033eeb8e7271b43ef5c332752.jpg,test,a10d9fb396ba015eda02dd00824d1ba51683b4933347f98ce4ae2732033e3e43,3,0,3,1,0
ppe_0987_jpg.rf.fe48e792b6c3bd88083d5dd2064bbfa9.jpg,train,0725b1cf040343c15fea9be9ff232a92d608336a071ed06279808f5e22bc5c1c,4,0,3,0,0
ppe_0988_jpg.rf.e2732faa6ea3f78754e270ca06a4d4bc.jpg,val,9644d5fec6e7982bcdfbf86194aefd3e23980eed4c8e5885b2061922af49e67f,3,0,3,0,0
ppe_0989_jpg.rf.5771c6e00a80dbd38d015fa086181a22.jpg,train,61e76b113180b58b9e08c87112f5cb52657fdd46ae9be50a2ad1dbed1c4f2e54,4,0,4,0,0
ppe_0990_jpg.rf.73448f920a3a1d8b44a9f4d1ba6edfa0.jpg,train,6c5df7ab6bac924a9db2d9a5522534666b08793c265aef76be97003213d69d02,3,0,3,0,0
ppe_0991_jpg.rf.edc4aae17579ce867bbb84fea8de3f8d.jpg,train,9adf8bbca0e584f769912b021a83c6f6eb24569ff416095e7195995d487b4207,3,0,3,3,0
ppe_0992_jpg.rf.39da74fee9f081e8e61dfd168a409d8b.jpg,train,6544e918ec9140b81290a3a19d85d41f56c03035938d84dc1d0433af4d14d5fa,5,0,5,6,0
ppe_0993_jpg.rf.76bb92bbd85e148cfba4e431a8638e78.jpg,train,12f3b921b1b5a4b7e3b809f64e2e4ca5ef3ec29dd934b6f27bf780b078560b4b,3,0,3,3,0
ppe_0994_jpg.rf.6d53c2bb3b5509069131591b17c5ab84.jpg,train,d0f420a79642d3cce4b703c99c54bd315444c7495cd44704b0dd151dfcc3b691,2,0,2,2,0
ppe_0995_jpg.rf.386607928c99f76021de4f05e8c78aea.jpg,test,5060b53ed27027715495cd81be27bd311c99a224e46ef665f25a0f4693aa6d20,1,0,1,1,0
ppe_0996_jpg.rf.afe011765766584004fbc1c8560d2126.jpg,train,164d04c242d246d78abac6407630e9a615c255ebd7a803b0e5f7c8ee28bbc128,2,0,2,2,1
ppe_0997_jpg.rf.c62899947cc2be42c7dac24395c12c35.jpg,train,706a8412a400bafd42c5281ac89a31b112bf158223ddcb28ce87186915f1e5b5,1,0,1,1,0
ppe_0998_jpg.rf.88530bffc04f8a7c4bcc08072f8006f9.jpg,train,c99fb34d27d3bff6ada825275ee90448a3f7062f28ec8e2e1b7e92f01350db69,8,2,5,0,0
ppe_0999_jpg.rf.c2175fd9b8322fb00facef5edd6d0d99.jpg,train,858d8b71618646ebeeddfa55b74f599899b8203cf9ff1bda62b62e04b5cb9b86,3,0,3,0,0
ppe_1000_jpg.rf.81f2c3ee20216bbb380ce7d1dd700f56.jpg,train,5b456d8b63313de1e17f60f191c4d465cdcbe2475ea22c8a760b8627a38fa7a4,5,0,3,5,0
ppe_1001_jpg.rf.83779b3235168ce83eeddf20bd0fb159.jpg,train,ba7941ae4d3c2db7980807c1719e95a85e05fcfaa4830b1917dc3b51fc17551c,1,0,1,1,0
ppe_1002_jpg.rf.b98c8d5c7a71b616fe011bc8e1056010.jpg,train,941828ebdfb517109e1421192113e62f187b37017c44364d44ff602fe7bd0792,2,0,2,2,0
ppe_1003_jpg.rf.ff280383171381e8bfef0e177ad15515.jpg,train,4efb7bff58781c3452f9c5a493e5488d62cd8d2c6760f57c07808c7f53e9902f,3,0,2,0,0
ppe_1004_jpg.rf.c51b3f7cc51c11e86999db8c072ba177.jpg,train,b60e1e76cec002c9070bad22f577bfa422e6ffeeadb9ee1fe3ffd7752b466ba3,1,0,0,2,0
ppe_1005_jpg.rf.a648f1d3a627f543eeb20f205984c02c.jpg,train,f82d4cd42a4c6110d68af7e6307e33bcd25f93474b365a2f16745fe022c023ed,3,0,3,0,0
ppe_1006_jpg.rf.b47d69cda3a7a6a7be6f11499d33d7ac.jpg,train,5677f25f0675258feb0296b2cb32d3fab8c0e892e08850b5e3143684bec2f1ba,6,0,5,5,0
ppe_1007_jpg.rf.6532c5e93db92e4f650cca3db840032e.jpg,train,a45616be416d39b579ad8fb5c6e3f8b55419836d3e73a17b7da8a456ee774f03,8,0,5,3,0
ppe_1008_jpg.rf.70a55330f085ba12c35087c8ab38d222.jpg,train,c6431b85471489351167d641cbc7e67eb7cc4858c87bbae3168d40d19cbc22a0,10,0,6,4,0
ppe_1009_jpg.rf.ae59b16308577f47e940ceefbe342177.jpg,train,2333a007368bda549ec1a7bb24079cba4f1179fe6f91e161d8360f1a063370d0,3,0,3,0,0
ppe_1010_jpg.rf.f3193f6f094b20532bfaa25c09a5594c.jpg,train,7f508877b4fc5926fab5c826d8bace757500566f8bba7b9053f3c70d4b67d1fe,10,0,8,9,0
ppe_1011_jpg.rf.3c8924f3c3ececaf1240819371da2f05.jpg,train,0ee573621f259f049b47532b99455e8d5d9ed7ddbdf93dc1906d31ba22678f54,2,0,2,2,0
ppe_1012_jpg.rf.588bc321b776397223cadad9df01d1da.jpg,train,b175084cc4fe460f196f4262ab21b33fc7feda30203a7a63f341d724755e344c,1,0,1,1,0
ppe_1013_jpg.rf.b24c6c82bc2f6821f16f54122e73066f.jpg,train,ed61c0bfa4848980987fc09b422b1ce8a8b8782f940a0d1fcb0511c90135092f,1,0,1,0,0
ppe_1014_jpg.rf.a58572a31893fd046357d51ab2e03307.jpg,train,e9ab709a14e976785d5ed278449055522a1cf435d483326f408cc4859c1bcc4b,2,0,2,2,0
ppe_1015_jpg.rf.6652e6ed16bff4736e58b737365abb13.jpg,train,fd7bf50631348f93b7ef8b727aae4fe5a56a3f9e64851e10753ddb145c17d025,3,0,2,1,0
ppe_1016_jpg.rf.d3e402a33f39a179f0ade7bb1213e4b3.jpg,train,03a3954ebc3f143e944922530e54a91c0952862184acba1ddc5f8699b3892e3d,1,0,1,1,0
ppe_1017_jpg.rf.9ea67a657020fe7bafdd544943ef7c6d.jpg,val,150464bb5987ee45ffe6d9ed0595a4c63527f81e75fa1c5d7193e4699681b4c7,6,0,6,0,0
ppe_1018_jpg.rf.5d3e01d179187c4edeb4c042029a723b.jpg,train,8eeb534f77efb8bf8c5a1ba3ac4fb345b815f2efb333ef20245e3ee26d9693dd,1,0,1,1,1
ppe_1019_jpg.rf.b0b61f2b3c6313717d46fca2185cca6b.jpg,train,c1f604b33d37c80ff012e09c777271fef0eddc962c747bee4d264704de376285,2,0,2,2,0
ppe_1020_jpg.rf.d38c9670f4d14121de8a885481f76dc2.jpg,train,79554cf3fc9de002333128c4d5008b1ca257557b931f148ddfa3a72ea577303c,4,0,4,0,0
ppe_1021_jpg.rf.043709162e8a01072d76dd78e37c1306.jpg,train,a90ed1a8f628e5e7420d88f5ba4f59b8547eaed6f71ca91cca674030565f8c2d,3,0,2,0,0
ppe_1022_jpg.rf.e18003e803a4e719638b346e645ee5d0.jpg,train,49795fa443e0be3a1aa01f1cf6f54edabd0bfc9051b0af7846c0e129b1c8cbc8,4,0,5,3,0
ppe_1023_jpg.rf.a36d97f4c652a6fe6d9d3564ab8cc77e.jpg,train,e290661c072c070dc1c3778fce363292fb80460e246d0220017cb7a8fa179922,4,0,4,3,0
ppe_1024_jpg.rf.d42f5a3cc464e3d5d456d1f1d7a18fde.jpg,train,57b8a8acc1a1ba5f843247e9fcb9f857bec7d20551121e97ea0ed56575694a27,11,0,9,11,0
ppe_1025_jpg.rf.11a45b90e18e4a2a0134f514f8d58f2a.jpg,train,1cd30ccd59a33be84afba3a4be1312b8f1ac36cdd24617a283c39f5958ad089a,2,0,2,1,0
ppe_1026_jpg.rf.db9e5869787f80a44cf1364ec5962e4a.jpg,val,f7d22784de7f3f1a89ae258b10d6b91632e45f5d29e946b9ad85664396af239b,11,0,11,0,0
ppe_1027_jpg.rf.d43fce18de950032c4fc7464b654e881.jpg,train,2d2bec8d0942875c65596c92f03feeb42e04c17b5c620d2ee1168d78fed14633,10,0,8,9,0
ppe_1028_jpg.rf.4f165088f116a77e79ea0d5937ff21e7.jpg,train,8c9016aca6a164562e2a43a13228a9e3bf4e87ca9e82fdd37e96581b45174d45,1,0,1,1,0
ppe_1029_jpg.rf.84fac2c177588a750ceddfa700efb2a5.jpg,test,5efd68ed6b17fcea898352421317a202eff0447c20d89465a3b5c5dda2bbf8ac,3,0,3,3,0
ppe_1030_jpg.rf.456274881cfc490f0b70d1378f8d73ce.jpg,train,0877cad0091522602be41b74a7d07fcfcfa9404ba749a8dc391fd5d37880ba8f,6,1,0,5,0
ppe_1031_jpg.rf.8848b94b333859ff47da50f52176586f.jpg,train,c5874b5b0338432a5faab194aa39737efc75c91db224d38b828db039f74d4c6a,2,0,2,2,0
ppe_1032_jpg.rf.cd1505057316dac829ea2c6971ffb669.jpg,train,c2dd9785ed26d32fafd496f601eb66ee55406511307a81f652ca2c62b316dab1,2,0,1,1,0
ppe_1033_jpg.rf.a15d838dddb248769f73b82d0f1bdbb2.jpg,test,8339a31c9a7fae7da116a1af7d2614b17a49a68757ce6bbcaa86cfd2012b7b8c,2,0,2,0,0
ppe_1034_jpg.rf.7c161f447cc970512a25d7466f062ed1.jpg,train,3bcad401661b5bd62445c92be2c9210d4eb8eddb09aeed1b83618c14ea3e006c,2,0,2,2,0
ppe_1035_jpg.rf.de6ad3ca4dcd1229f30a74adbb9730ad.jpg,train,8bf3571d89f4b7c5a990899ebb06f1a88d399b80ad01cc9bef9b2265f436b8f6,7,1,3,6,0
ppe_1036_jpg.rf.275528f77674ce8652080ac712e551ff.jpg,val,8bb8a0df7527bf08afdd9e0ca3ad2564c47ac5d88fdf48c211bd4ce465749705,5,0,4,0,0
ppe_1037_jpg.rf.1ddab1d14b77fd7bc7002e5d656ec6cf.jpg,train,826c60b1be02a3cd37ad7dda3cdf3e87f0654ea63ccc70f195c12ef764a17fe1,3,0,2,0,0
ppe_1038_jpg.rf.dfde57763a7d60ebeb1c0ca630185771.jpg,train,366487bbcc9e32f6bf215a474938596d34ad3eecdfc38c1a502b80a7d3a31892,1,0,1,0,0
ppe_1039_jpg.rf.7b5a52948e48ae6760aa40271487f81f.jpg,train,7aa9db0672858932d2a4dd42ec94470d48b5ff8e112b03c000798f25e44cc0eb,2,0,2,2,0
ppe_1040_jpg.rf.bef796ca08ec0bc55c71f9bd4ebef57a.jpg,train,38c6b6f42c4e5a1124e551d6ad94707f2119426c3155c4b01732af9695d4fd05,1,0,1,1,1
ppe_1041_jpg.rf.103e20d74b984558fec60a645247fda5.jpg,train,55dfa6c0f729aacdc1deff38980141303a9b37973d65a8d921b237b0af4b23b2,1,0,0,0,0
ppe_1042_jpg.rf.3795bbdffb044d27a1aa897ae05cdd8f.jpg,train,5329a7222b8b52e3ce552d79831239f5e1adf795d76dac76ac58b9f2a6beaa5a,1,0,1,1,0
ppe_1043_jpg.rf.ecd70912ad42fb98c1f92601bc6d19d9.jpg,train,49ba64fab754f1e119c830d106e08d650e484e5b08ec643d94052133d4f7daf0,1,0,1,0,0
ppe_1044_jpg.rf.3a49358736a2a0bfbf3cdf7b55aa2eec.jpg,train,92b6bd7130a06bf2f1597488e10b9abce4479dcc33692c53b6af57e9e9268d99,1,0,1,1,0
ppe_1045_jpg.rf.792fe694771b1c4cea9c99b0698b3c40.jpg,train,d3a80e24cca432aa816e2df2f978c1bfa901627ec9d5b146242fc390d7e9007d,1,0,1,1,0
ppe_1046_jpg.rf.d9c26a74497689eef7af7978873354e6.jpg,train,a67864538dfa3011dd58a485b9cfdac3f8edd7b02b1df984d3764be57775ecfd,2,0,2,0,0
ppe_1047_jpg.rf.04fd0dd1c333c2154e7ee3cd4c812e10.jpg,val,6a7e90a9b8a326b45c2e3ba7b9815161e841996cd908666ab5a9532e8958c6f7,2,0,2,0,0
ppe_1048_jpg.rf.ec238ac8136282d038ff87cc1ebeb1dc.jpg,train,9583a898243343a7439c858441ce44b8f021411f42d652c175fdce36ba130e3f,4,0,2,0,0
ppe_1049_jpg.rf.6b4e8d5364c3df8504adc57db80a38db.jpg,test,0580f96f287e75760bab073b7c2864552346418f6515eb54aef43deaf88df6d4,1,0,1,1,0
ppe_1050_jpg.rf.ace14d67911b66f50ffca4617d7a8d54.jpg,train,03ec5b26534d28ccb6f0b22b5fb454e027f39eaacaba9defbdb1af1237fd465b,1,0,1,0,0
ppe_1051_jpg.rf.ce86c3588024142749a06746415c8c6d.jpg,train,c6b2cec95fe91d0953250f8fe4ae175721a916400c424b70bf2fc53d99816034,1,0,1,0,0
ppe_1052_jpg.rf.e9b5d0dec44fc305c285871a56a5e955.jpg,train,5354e7d430540cde32e69fb4cdf197af1b93882461e7e84ef5ea497eabe71dc6,2,1,1,1,0
ppe_1053_jpg.rf.30a2b7153a0e36d9e7d5048100221a6c.jpg,train,4379559a67094f1da005e84fbdd55984249590e59a722e7bcc0e522699eb71a8,3,2,1,2,0
ppe_1054_jpg.rf.c94672f85812174abaa59110236cb43c.jpg,train,f586a8481ddded964db7424144dad5da90b511fdaa76fd452cfa40f5bf0f5529,2,0,2,1,0
ppe_1055_jpg.rf.d7001ebcef638aff5e8de330a2c59413.jpg,test,ba9ccf0272b0a8f77f89942b8aa6880294dde9b7130b364528fd8e01ab7e2713,3,0,3,3,0
ppe_1056_jpg.rf.60ed8018c8b576fc70210df4a1b0cdeb.jpg,train,0f3611d2bc7fe30390806d5cbb3876497934f9060beab44732476b6dbdea4b79,3,0,3,3,0
ppe_1057_jpg.rf.1fef0cd9a3a6b9023f63cbd3e4e4da6e.jpg,train,ce66cbbe379aee323c2c3a021897545242136c785accd819d9618cb5ed6ee4d6,2,0,2,2,0
ppe_1058_jpg.rf.1824bd9f69657837bfe5238db3ef578b.jpg,train,dcb778595a53e17c62eb7b20c59f1a43836ba4d29a83d74aae9fc08b5d1bf220,2,0,1,1,0
ppe_1059_jpg.rf.49b10ebffd697746860d9e68f40219d3.jpg,train,461177860461a6c72986f7a5dd36919f47380ff663ab05b1aa1f0d84dd67c2e5,3,0,3,3,0
ppe_1060_jpg.rf.a0b0fcb7638a96f1ce51f09df100a898.jpg,train,f412897b83e5e498d9a8723024e0084abff5a105fafa9e53871cd4f9129a0181,6,0,5,0,0
ppe_1061_jpg.rf.842c66db39e63a9ba2a8e4ae6a54f706.jpg,test,6e314f96c5c22d1ab2b35d1c4bdc3df3e6e48cca83cb2b7796261fc5e9ec1d72,3,0,3,0,0
ppe_1062_jpg.rf.4b2696d29a4b186aee2ff918f47e5ebd.jpg,train,c1dc8559ed07a0140c0cb51ff76a96b550a1bf8516e9704b4238a517b6d4e850,1,0,1,1,0
ppe_1063_jpg.rf.af0def711980eb43a0a490f77cb7036a.jpg,train,8946cbeab819272d92b758e5273828f51ee912b14edc6b0c1ef18ea5fc2327b6,2,0,2,0,2
ppe_1064_jpg.rf.baea344a209ea285aec2133f734e69c3.jpg,train,5b13b48d37409066ae7c61ff88f36251d1aaf1527c185a8b885b1c8a74662ea4,1,0,1,0,0
ppe_1065_jpg.rf.6badd28d0c5130245dfcea7ca9f7813c.jpg,train,981eecc403739a517fb472f00bd7c9204610ee19c84eed98ef0639d5a11a6c5d,1,0,1,0,0
ppe_1066_jpg.rf.c848a7d26bdfb29c7dac34309be8d759.jpg,train,4d2cf2859956b9f7e46efcab6d6c081da206690289b0d607ca6cd1ad63fa2693,3,0,3,0,0
ppe_1067_jpg.rf.0ff0fd269cdd6ecb65087867facc032e.jpg,train,c457a0182082155347b760c4ec907b978296e67ea32fd471956c125547c43c7a,6,0,6,5,1
ppe_1068_jpg.rf.c4ccc75cce75ebfb5c55e84d636e94b6.jpg,test,2c51bfe4c78b79e7144166fff4d6f3c37d0782f6b925e2ed8ee0d5b601f0610d,2,0,2,2,0
ppe_1069_jpg.rf.b3d9ae699e4f465b230b2ed40cd917a7.jpg,train,c5deff7c37b3b92165282a5deb242937048df8a371b4ec1f06c7f44ca921f6de,1,0,1,1,0
ppe_1070_jpg.rf.be790c6c36a3eb4db756469364bfc6e3.jpg,train,bb47be9d77fe020c947bcef45629cb56f3a3cfcf9222437f8b0b74f82b8a2721,5,4,1,3,0
ppe_1071_jpg.rf.4d96cd4f48482319805de043afac57eb.jpg,train,a25fc03b7bb5755641d469c795399427483c85443566412f48b8a871a7e651d6,6,0,6,6,0
ppe_1072_jpg.rf.217e287c7a5680de883772955f2d21c8.jpg,train,9b340c1c7df08233d614e72bf19138b0591c3f7019cabcb16d2ea181b706b834,3,0,2,0,0
ppe_1073_jpg.rf.138083b7e87798e21ab09f9764e9c701.jpg,train,252470a5761a4a31dd778a228532d8968d20f57e0ce6c7a048f517db2b1716d8,8,0,8,7,0
ppe_1074_jpg.rf.fde86ed4af7af05142cc9f0e6c217e8b.jpg,train,d2fb386db5e81acebf00184ab56352f7013e4d05ab469cafc1d7538e2e251bd5,4,0,4,0,0
ppe_1075_jpg.rf.058aa767292e4045476a15a86373ebc3.jpg,train,c466b1e2978d1061febeb21119298ec302c8320de48d4d4d1b36fff324175b69,12,4,5,8,0
ppe_1076_jpg.rf.3ca0bf1a8753bf9ea58a438fc9d78a16.jpg,train,7031017ce93e4a4a961f2a8bfe74421dbdcb31976df73a66134d24e9ddb27595,1,0,1,0,0
ppe_1077_jpg.rf.cc029cf2f45e37f68f6844f5a4ea406e.jpg,train,4aac170b536fc07db32d602224f7fe8c92844c4ef04e7466eee36d5c3a29e331,5,0,5,5,0
ppe_1078_jpg.rf.be123751673dd91cd0b31775174dc037.jpg,train,9e0ed7510845249f424f8d7f212308315fad8c38feefecdfa6cdb15cc4630d2e,2,0,2,0,0
ppe_1079_jpg.rf.47e9ef6ce118dde4424729e9f6928c0c.jpg,train,7ed782261cc778a058ac2930517bb7245c8180e6d1bbae63159a8de40eec742e,1,0,1,0,0
ppe_1080_jpg.rf.3b25373ec89c2b5fe2d16b4136f9c0e7.jpg,train,69bb5e7038d179fbf367f7e1d3f8916f0fa9d7ef76b092d17a875ccdefe25d1e,2,0,2,0,0
ppe_1081_jpg.rf.2f12d85e340c3680c9a4c25e4cf8ce27.jpg,train,db9527bc07ebf7d1110e1f4a27483de322d623c508fd8540610e68c2612c8d8e,3,0,3,0,0
ppe_1082_jpg.rf.83c3f4297c7653aea5e3016f7823080d.jpg,test,d6a352abe5be9d0ac8f2b6704f556b6718cb0f2270aee359c305afec63a59f5f,1,0,1,0,0
ppe_1083_jpg.rf.884aa7e05ec5283821a4fb98ce153b5d.jpg,train,77fff4fa74e3581098b6b0d757e68b91a5d1b386ff608038af27a461e42e8c57,5,0,3,3,2
ppe_1084_jpg.rf.bb0d125e874ed6fdcf6f3a5a7723b273.jpg,val,80f1684f64d6156d4ce1a0426250de9dafbee339d4c9dac988ef9c50d119a240,2,0,2,0,0
ppe_1085_jpg.rf.f48b813c79849000b7c96df5a3086693.jpg,train,002706f213122ff4dfc1c215d830617d098580468e1534ebf19c774bd52e9ada,5,0,4,3,0
ppe_1086_jpg.rf.ca8943fa1b77816436b894c610423e3a.jpg,val,4a52bc16c4f45a53b6440e6d73f552ac06d773e79434a5cb4b5dac88445697e4,1,0,1,1,0
ppe_1087_jpg.rf.306e4bb8979b48f97d4f9e42eac4f870.jpg,train,fdf7cb822eb0d4ff20b057afcff90c208e301123742ce9ad0816f3a7702bee23,1,0,1,0,0
ppe_1088_jpg.rf.b20378264c6f785336f00ddf5ce2d486.jpg,train,31ec28bbad628f8e2bc38b509d4413a6d2b2cd39a0fc38b30f74c139cdcaed9d,1,0,1,0,0
ppe_1089_jpg.rf.657cfd14bccfb0712b65f53cebf3416d.jpg,train,ff3d2dd3d1abd91fda9a96774ac913aa23d941aa528ba2ca4e41ac9579acd1af,1,0,1,0,0
ppe_1090_jpg.rf.1f6a3edc9f8056ccbf370d48bbefed19.jpg,test,1795cec2364e439f3c6abe88891a44fa9a6c76794372f5c2f345fc9607ac9d6a,4,0,4,0,0
ppe_1091_jpg.rf.a35af7a7a74e10a3a5dac963de24311e.jpg,train,84d0b23cd87db4f0990ca10076f45895af99a9afb6a5f7ac254704730e6b40ee,1,0,1,0,0
ppe_1092_jpg.rf.e9868306dbba979aeea4b05ec365c618.jpg,train,a197c5bac0af35983cae13de8fbc86a0fa5ae0d334d44ef5629532da54f5ba14,1,0,1,0,0
ppe_1093_jpg.rf.d32430725c1b9321e66b6c8e1ba116f3.jpg,train,58e6af21c15e02e1a1dc142a09a93a64c24a2298d6ce7ab7f31f3f9fa096cf4c,2,0,2,0,0
ppe_1094_jpg.rf.dacd29fa2518ce3f9b57d492b26aff39.jpg,train,b748195aeb6a2228380c3cba01b8fe9a126b1420b44d7f86ad5512095e4915f8,5,0,4,5,0
ppe_1095_jpg.rf.4974c41975267c55ca3955228f592327.jpg,train,567f72b2312b31a44b6fa2283cb04ced3f6ee6dd77993b2b1f527e1b1b7c524c,1,0,1,0,0
ppe_1096_jpg.rf.7f30e0da816913d9112ca25830e9ac17.jpg,train,5ff5ff0c1a0669bde5b0a351cdaed1ad73887786606f154aa47d40205bb1ac7d,4,0,3,0,0
ppe_1097_jpg.rf.f859792c328b833aaf8c30bdc17b06a3.jpg,train,4e123fdb625aa72a0c3082006feb814ead1d7fa28a49e236a580ff7ae50fe4fc,1,0,1,0,0
ppe_1098_jpg.rf.647c0ea5fd868bacc64b3b90555de138.jpg,val,334c88a4b44456e7f280eccd235fee5e44772786b5b389c2701c4d9f3df28759,4,0,4,0,0
ppe_1099_jpg.rf.6e0541ea3b39e780c05ea6359b9be1d7.jpg,train,2537fb04d97982bc9f7ac149a2c92370eb672bf16cd76ee2f8d574aa9c710047,5,0,4,1,0
ppe_1100_jpg.rf.77524bef5a2ae824b5abe876989f74b0.jpg,train,63ffbaf2904569c2a5cf6ba5ce4b3e229fb466af04fd1b99a79fd468f5c7f18c,7,0,1,0,0
ppe_1101_jpg.rf.367fbf7e031dcce30821881a92e5b678.jpg,train,53334c516d37e05aa07a067c12e6a8c3598fa01a0123f44359cf0f02f1c3acde,1,0,1,1,0
ppe_1102_jpg.rf.31fbbf15d9764ad21f893c2169bbe97e.jpg,train,07ad06ca3399cf03931df2d848e8b1f8f64300aa2e727dac4d10e1c41a8f6eb0,2,1,1,1,0
ppe_1103_jpg.rf.be27c5d64fed4aeb366b31030396e9b6.jpg,val,027308660fde8b77e9564f00e35638347669d55b236555d443e240eadc9f450b,1,0,1,0,0
ppe_1104_jpg.rf.0820b598f90762b12d4b99bfc68d1873.jpg,train,ae2d7f6abf5f46f2021b890706dcb2c63032e7f4b574a96bd4aae1f07b3bed64,9,0,8,0,0
ppe_1105_jpg.rf.49e17753572ec27c8d9f86a5e0a2d218.jpg,train,26dc1459aa8b06ea01fdafb500a8c55a0c93e6ad9f1b3bfb316c63d69baffe72,1,0,1,1,0
ppe_1106_jpg.rf.81d44f154de29397b651dc07e812641c.jpg,train,74e3f6ec2214ce1b75a3361ea4053343972daeb15e33e21cda8f01662c7c217a,1,0,1,1,0
ppe_1107_jpg.rf.2f22a649ee03ee354cf08869f4a0e1cb.jpg,train,78c426a60bdf458b2841b35b7944a0ef5136aed853f6a349c3b075a0cf912119,3,0,3,2,0
ppe_1108_jpg.rf.480603bfdfd71d5bd68320e1cd84ad61.jpg,train,7febc396f1ce7dc9932a5ca9fa34921836eb56616133ef83e68afe36c2e96860,13,0,13,0,0
ppe_1109_jpg.rf.95e7b6de7c19a55421335e5507a0d7a0.jpg,train,49303b5423df046faf3dd73b52d4aefb3d631fffd89f41b51fd8d53ac96e35ee,1,0,1,0,0
ppe_1110_jpg.rf.8cbff406a6521a0ee4098a8aa9291336.jpg,val,37015c2b39345459a13590db8ba34615567ad829d92363091733b28c039b8ff2,1,0,1,0,0
ppe_1111_jpg.rf.0ad2bb897417994407f167584aa955a0.jpg,train,40c742bdae3b86ec81ee92492a7466daba67787611bec4d622ad6165dfff1baa,1,0,1,0,0
ppe_1112_jpg.rf.b1d4865d9d2558fee78332d03a97de1b.jpg,train,7dce673e4db4caa8c2a896f8df97ec2ddf4767da25c7cd4d89065e14ec6f972b,1,0,1,0,0
ppe_1113_jpg.rf.ea43da24f6412f896076557139f0997b.jpg,train,91ab820b5922208793ddd7e98b5701e7008c5b6482915d377717a55c5b7280f4,2,0,2,0,0
ppe_1114_jpg.rf.113fc73bd13e693a0beb539e637d27d3.jpg,test,089583f7d2a861c1a31fd5d4d7754f5d8118976e4d67ecf6f656967076e636e6,6,0,6,0,0
ppe_1115_jpg.rf.5eb200a6cb6449e58076cfe4cbbd4f42.jpg,train,8464575c591f821ebbcae5253a69cdb935ebf2ab3de601939517e68dc1892cd7,2,0,2,0,0
ppe_1116_jpg.rf.8e8c225b0068276f8108f981e8d7f48a.jpg,train,376ef4e3a32f6d8b42b1749572635690a8afb7de69248e3dc13f8709746ed229,2,2,0,2,0
ppe_1117_jpg.rf.5285df57720fce937b5b87602640b6ae.jpg,train,299e4808ad6cf4ea6e68c15451f20c6f5e546e47900872badb2469c585c90cee,1,0,1,0,0
ppe_1118_jpg.rf.f9f8f098401e71cc0d0257c08a13870c.jpg,test,a269f6c18bbe808217a6b4cde15ec41136f956fc84da20802d331bee7c4554b7,1,0,1,0,0
ppe_1119_jpg.rf.7dbcaef1b1905c76dd64cd40822ae381.jpg,train,334d7ec3b66e46b5c3c716aa3d10858dd4443d0739a720c5a0eab0ff6991218d,1,0,1,0,0
ppe_1120_jpg.rf.3cb4d0739fb23bb39a92f94b0c6df9a3.jpg,train,24fe1f5ab9ff0746c91a27d7f2980a5669553f9f95a29ef27c7b87b04258f7dd,1,0,1,1,0
ppe_1121_jpg.rf.a08250024c0a09ec43f25425ed59be20.jpg,train,58b337fad2d694659948d5fa8924dd1c8c367444f0e09700d9e32692b9ac98cd,1,0,1,0,0
ppe_1122_jpg.rf.65cfd85b83dd0de52fd4b5aab66cceae.jpg,train,8c0daf0f05d4dc057c6bfa0a64b7d39674655c098f9ab57b3ee65d6165d9fa88,3,0,3,3,0
ppe_1123_jpg.rf.5c63387707e563bba041e9298e4d2519.jpg,train,80b6c38720a8950b6e11c8b1a76b95bfe4e752c7285626793fb149662aca6797,2,0,2,0,0
ppe_1124_jpg.rf.ac87386983928c9bf9c1a7c6c78ce6ea.jpg,train,5c8598f6911bdba86d8dc5669e9862b6ed4af6beba16d11bc4c385f244c5defc,1,0,1,0,0
ppe_1125_jpg.rf.0616e7fbcb45e81666e12ac97368b444.jpg,train,b1518d27d7a23aa97f350443d8fb8ca38dce60755c5ddcbd0cca77c1fad2caa4,1,0,1,0,0
ppe_1126_jpg.rf.ee2e0aaaf99f413dbd7f2c4d9eaf3bde.jpg,train,2a0bec6c7c130b1120be42e046683ebf4e33ade9d48bbe3f70334c22cc25e28f,2,0,2,0,0
ppe_1127_jpg.rf.e882043e18270a048c973fa009209ca1.jpg,train,5f37e31a6de67f54d8e2e9abd5b61c36bf45f76ea83abb93463e2aca15777067,2,0,2,2,0
ppe_1128_jpg.rf.13aea0437a52286e6fade8a0e5f00269.jpg,train,8f55a3e1eef488b4c988243a9b582bc5ce9e4c9724e42f3ed31a6ebea1e6888a,1,0,1,0,0
ppe_1129_jpg.rf.8afa754a20e6002e694e4717cc193ef5.jpg,train,128f57aac8f01d512b342e25df76fcf17fa207e1263c2ea88a54cea7f98acc99,4,0,4,3,0
ppe_1130_jpg.rf.66b42ef1e8644ec136d575d7e2b35169.jpg,train,dd63d1b2b22c76d75c7d4ec05f143ad1d845e1d9c9ea19369f7064b8f692d6ed,1,0,1,1,0
ppe_1131_jpg.rf.efe925321a2d7f1aaf17ac4f8424ca08.jpg,val,20f215da121d94fa24fb6f2583207f338c2070d582fa531f07ecb603bbb5e571,1,0,1,0,0
ppe_1132_jpg.rf.a8d8c3821bb2706832ed489920d3867e.jpg,test,d49dfe0af03e81954d9223895a75e5b9d10fc590a7bff0d0394409a53d816d73,1,0,1,0,0
ppe_1133_jpg.rf.eb1411afae67c4ee5708d22404b1874c.jpg,train,c876f51f5483a7f1c908d6883ee78149f3d086de758b2e47b6d3c1cb1c7c7aae,2,0,2,0,0
ppe_1134_jpg.rf.da3f985cff3fa346d00971dd15ccba03.jpg,train,d0d7383033cb87c592d580faf860381461760a6f2c96ecd4ed693553d80ded11,1,0,0,0,0
ppe_1135_jpg.rf.0e8f15c113e04a61551dfd947e634646.jpg,train,a225475c591949a50a8d23e91fbc1f4ab798f63b769d7d8e212576e30aaa4e1e,3,0,3,0,0
ppe_1136_jpg.rf.d419e7ff350054eeb6e1899c586d9d2d.jpg,train,774cdf32fbf69afa4b5a87feef2d18ce44e8dfce62af9bdd80361318b4b58f6e,1,0,1,0,0
ppe_1137_jpg.rf.ee747f9f2eb943c9dff53c5c6792eee3.jpg,val,e0be2328d1e7a8e1c05d645b8a54da2606ad3eb3a0dc172135c6dc040f39db12,1,0,1,0,0
ppe_1138_jpg.rf.72d20c8b2500a5f605365bd0f977f1b3.jpg,train,0c996898fcf78d058be92ebe3ecfb15e9090b2fe2fba0c738886eab5df3a98ec,1,0,1,0,0
ppe_1139_jpg.rf.81801d9e06c645717068440b729f0eaf.jpg,train,ff3c26c2b6312c8bdb99f69a99f2709867b355799e83140a8aba7528bf5aa158,3,0,3,3,0
ppe_1140_jpg.rf.1f6c7c2c5d8bc245458623fd98c89c43.jpg,train,895b315598062ac6f876e6af647619e945354cb253a70e0c4d6959d215bea0a3,5,0,3,3,0
ppe_1141_jpg.rf.8a8981015c7d17ce241927e58f07dea1.jpg,train,5d9a83f2d29d3ab4b7ec5cb97ac356865522e2207abf397c14dd65deaa640620,1,0,1,0,0
ppe_1142_jpg.rf.56e06772bc57409a1d54236bc4ace85f.jpg,train,c9863ca4da416d47fa8e11124d3f751c12aace9b65ef2fedd4fb82e864ff8bbd,3,0,3,2,0
ppe_1143_jpg.rf.83ecac183cf3d05beb87e5a515f20979.jpg,train,44178c2a1f49db240ae2e676594803ceb74bbdc254b56dfbe45772b93d157204,2,0,2,2,0
ppe_1144_jpg.rf.01e9177c8ead6ee283d5ec9fe652c54d.jpg,train,29e1f12a6045e82480e1a923421dd0c415f062abd8106fc14e06503ce8e58317,1,0,1,0,0
ppe_1145_jpg.rf.12180cf726318f0c635b2843ce21d402.jpg,train,b3fa15766106e92c0ef633c0de3acfe025fa518af64aefee75b7c9206036568d,2,0,2,0,0
ppe_1146_jpg.rf.22aa87460983980074c9badd9b28d1d1.jpg,train,c7dc15e1501cda0c819cb82e902574b1aa929d0508eb5d966208e4492d68eb1c,2,0,1,0,0
ppe_1147_jpg.rf.2b772aa89748e29f07a5a05baf448cca.jpg,train,84b23018f771105429ea755cc8412aa7f98b98fd04f431378fcecc26b590c082,2,0,1,0,0
ppe_1148_jpg.rf.e715d96388bdfebfa927b0bfcc803364.jpg,train,1c1e204a2a229ebf517dd87b5d546c080f7dae1bdf9467b1bf993c6e51c0c731,2,0,2,1,0
ppe_1149_jpg.rf.b1d57ed11001eb6a43bb53fb67cd2e8e.jpg,train,d0998a494c069269ef7ea8f38e41148518dc9b40a2c139da2186b3a99e0ab0e3,0,0,0,1,0
ppe_1150_jpg.rf.253ceef7650bab50345aeeb045d11c6e.jpg,train,72de8542457076c3f3342b401c3b7161b5b56765a616b2c26fe4946bf86b3222,5,0,5,0,0
ppe_1151_jpg.rf.c67fd44c654b1d6adf9dee3832f87bd5.jpg,train,9189e567e07a262e7efc0aa62959c6fb545df65a6196c31a7e4ccf9f465b88b5,1,0,1,0,0
ppe_1152_jpg.rf.3bee644f7aa77cc8644e6d14cf7f5c3f.jpg,val,716745b92320c4fd89fc259482428829d4add58cc46599e8e932cd6aa81a4b21,3,0,2,0,0
ppe_1153_jpg.rf.6502723db97e278f0d3aea5492c8ff96.jpg,train,8b40c1eeb23b9dd4490511fc621affdb46b145ea9d9289d9c7d2fdc65e511649,1,0,1,0,0
ppe_1154_jpg.rf.a076ad192d8da2ad17b1a6eceb8f0069.jpg,train,192a3b5f702697dfd33411ad7166816c8ad52fcc559de660936af26a92c974c4,3,0,2,0,0
ppe_1155_jpg.rf.d96f2afefdee1688e9f97d654073dfca.jpg,train,51aabbe40f5cb2d4b9d359e673195afc387684279530fd066d34449aa5658175,1,0,1,0,0
ppe_1156_jpg.rf.3ebc61de70048cb2a19af0390304aae2.jpg,train,de4b8a77c5edb7c91361e49e7d651619863cf6b7cf86b697a7c294005572ed57,3,0,3,3,0
ppe_1157_jpg.rf.13aec84c7c9793a395fd3cf074756f22.jpg,test,7de4f53b0e009e1c0b3adb5e67725f365ce78d60ed2031b526341c48696a248b,2,0,2,2,0
ppe_1158_jpg.rf.02a26c0f778f4c3e0b283a7f246b7fe7.jpg,train,93dd6fb6f66360325e0f34740cd87b33b2613f5caa230e03df722cf105ff5be6,2,0,2,2,0
ppe_1159_jpg.rf.678c25df32036364ffe3ab37f0b305d7.jpg,train,522fb65f9007ac9e39f56f428198d5863c0bf558a91a64e213847f51d283225d,2,0,1,0,0
ppe_1160_jpg.rf.4101560f07edb1895e838ee52892e5b6.jpg,train,d718b2b2b7f1f7b2b9ad6b52beff79f3d9afb176987704e408ec3f68dd87831d,3,0,3,3,0
ppe_1161_jpg.rf.230faf4264f8b54f70aaa5bcbcc3cbcc.jpg,train,709e9c56030ae1def83f2b7582d53a7f1142a05e67d4fc3f896848125c2320a7,1,0,0,0,0
ppe_1162_jpg.rf.2f7c7ce06373f2aeab399402eb6ad247.jpg,test,90bcddf6d5d84c64cec9a5ffefedb5c68ffc27a5fd3bf56752341b6ccf31d687,1,0,1,0,0
ppe_1163_jpg.rf.22b95a2c791542f09f42c4c029358147.jpg,train,44ae1133fb7f51556fe0102106f73985edda02bb9d23568dae9bf0216858d9fc,4,0,4,0,0
ppe_1164_jpg.rf.62ca4f6898b6e9596db7faf407165602.jpg,train,8d33d0ce4b33e4ce658daf3ff4eb3d53cf1d243c8d67ff94904db480b716d94b,7,0,7,7,0
ppe_1165_jpg.rf.d42f7c14f4e80d08ecc7a5c0eae55e13.jpg,train,fffb51254ba0dfcd287fc656e8c9dc6e758fc22c230b6ae7cbca82618d2a4bed,1,0,1,0,0
ppe_1166_jpg.rf.90e3de4952bb82471f3833294fbaa40e.jpg,train,5718aee2421a64e527a973815ea10b53ae4773852664441b603bc6cc74c119a2,2,0,2,0,0
ppe_1167_jpg.rf.e0873498f89e4a6bd31f9d963d81cd7e.jpg,train,c76ad9456eab890fcd7339128463f8bc4eefcf25ad50172f135486684a69f52b,3,0,3,0,0
ppe_1168_jpg.rf.f64be9a69af0a7bad99ea8a26f043cef.jpg,train,9d7fa6214987cf2663d96a5ecc697dfd5b34fc1dcb06c87f907dee255a05e5f7,2,0,2,2,2
ppe_1169_jpg.rf.04bcfbd3b213ab59f4ed65a8e39562d8.jpg,train,be8aa9551a7730284d21731dce95b19cceeaf650e43bdbd565860f0e26e978d3,1,0,1,0,0
ppe_1170_jpg.rf.a4c538bbc6061b0b05e3b708058b417a.jpg,train,49da1d22e19eed3fff073d1976340690b885bc26127d50d9d8f2733a0abe5b24,1,0,1,1,0
ppe_1171_jpg.rf.2649fe7c3b13a1fcf7992c5ff889b836.jpg,train,afefe904bfbe19c0ca1b40dc92aafcedc508d7e4033509ffdb62617bd1b2a785,2,0,2,2,0
ppe_1172_jpg.rf.59acdf60b6697d24ca6754ccd50e547d.jpg,train,bbbe2999f6ab363f8a6f05c1aab636961971e4f87421cc15b4d94cffa9de2046,2,0,0,0,0
ppe_1173_jpg.rf.0b3895d1fc8e1b31dee608064ff0a68a.jpg,train,5ddaa74ff438621fd766062d6478c5c9076164e276db473cff6f701af8568f7a,4,1,3,0,0
ppe_1174_jpg.rf.d49bef8a2312807b25f755cc9df80df3.jpg,train,fd3790cf3b5e951f94c3277df61c52f593f259e1bae7f7eb6e6ef1f0b234f2e9,1,0,1,1,0
ppe_1175_jpg.rf.0187f933e7b5dcb24d14d6539111d1fa.jpg,train,d6db97251dd2be509518d2e4a441cc9f9dbd20e5ec0996af47d8f11d5e4b8a49,1,0,1,1,0
ppe_1176_jpg.rf.6c3265fe632c062b7906c91845678b8b.jpg,train,1307152f4ffde22c614fa73aff6f102b213f094b073aed92f4c7788e14f58939,2,0,2,2,0
ppe_1177_jpg.rf.8645c1826d8d8c7ec7425e96b37e2893.jpg,train,fdfd0890a356eaa69a5a96f3fc232e6990ec19e087927c4b1004a51788744907,1,0,1,0,0
ppe_1178_jpg.rf.062a30dd887066e1553e15e6da6b6296.jpg,train,08a44321beb975e07c124c30dcbc2c8bb0f720c66ac73397106b7abc1efdcafa,3,0,2,0,0
ppe_1179_jpg.rf.14ea5cc770da3d16af6e928a002bf854.jpg,train,d4f0c1d9886053a67fb2d5cbbebbd82cf25da613a268cae62c72dd5248970fc6,1,0,1,0,0
ppe_1180_jpg.rf.8c6274047b529a3642f96dab22a06e37.jpg,train,82509d4be9b2ddbf95aeca0db409272015f257cdf75afd8095b4052c1374d919,11,0,10,7,0
ppe_1181_jpg.rf.254fd6c9139095dcf71c8d117dfadc35.jpg,test,d0abd53ed96dbb007022b7f13e84fa33c39e2fcff67c81b452f654d62d60c3af,2,0,2,0,0
ppe_1182_jpg.rf.39cdeb5d2143f8a203767e98f8776feb.jpg,val,65b9bf9d1013a5d6a113f7cd82ba21ff2ff2007fecc41e00a7c30a27a60c7ce9,1,0,1,0,0
ppe_1183_jpg.rf.0a6f73a917d64c2e77e49cbb8f7bc9ab.jpg,train,aed83ad62463c4b3ac538b2bbf7a596919b73158ba572e845ad121063ff6cd6f,1,0,1,0,0
ppe_1184_jpg.rf.3209a14048af0d230d750b092fe7e7e5.jpg,train,8e9260d7a01223dadc848dcec867f815a52e495d01ba5918b972172181aa7bb5,2,0,2,2,0
ppe_1185_jpg.rf.79392a2aafd5dc4fea4beeec5d4d102a.jpg,train,342738343d9464df0ccd32a65a5e451ee7db18f485a5d1f9aea5dfbc03b61e5c,1,0,1,1,0
ppe_1186_jpg.rf.2402a31d0cb24583737664b2fbac0a06.jpg,train,63e2294a6119a6c7e483244a0238a608bccfe7554be72b640fd0e74940328fbb,3,0,3,3,0
ppe_1187_jpg.rf.ca1821bb8e1b10adc6e1b1b49bbb3552.jpg,train,3c9707cdce2ce4e517abdd1ae9a625d546110de70689fbd4c7c1e9ec6e36e71f,2,0,2,0,0
ppe_1188_jpg.rf.9b1c1c9765f956f00adb4bab2a618392.jpg,train,ce7bb0c26a2e5fb3be2b2ae2fd161c415aec575e4704ea0f05b9c5803a9a327a,1,0,1,0,0
ppe_1189_jpg.rf.8e211d78081271ffeb6324ba4d974eb7.jpg,train,1a8617103ac1d3c25f9569acd6ae0dc7182f33d407d6f9fbf5eed09d96da299f,3,0,3,0,0
ppe_1190_jpg.rf.a2ad87e92dcc4e3ef5845e98afe5a487.jpg,train,fdcdbd5bd468db1b1ce8a40ddaffa834f90312ec13ff8d070dffd2a5946e24d7,3,0,0,2,0
ppe_1191_jpg.rf.8b397a4326b984c8b7cfb9efcfcbca1b.jpg,train,3b7020368310544615bb23d45bea54196ed168b7c7efefc0deb8aea47e086331,3,0,3,0,0
ppe_1192_jpg.rf.880074ef39d2eabafb0fe4747e561910.jpg,train,ab67d2e19a315264ea4bc8c97b30a166cf108af862cff97bc2bccf0ad9877a6c,3,0,2,1,0
ppe_1193_jpg.rf.59f20e855e4589a0a0c744e156e5a6fc.jpg,train,576e5e757ec35ea0e2cb075a4b034636fca05d1ee973ab7e69f4c6b98aac2e7e,6,0,5,0,0
ppe_1194_jpg.rf.71734f9c268e2a9dd3470dc419c61870.jpg,train,ff839e25427898af5790a99b7e956f5dd5a9a3ed88af2f49edeb5a5d087fad56,3,0,2,3,0
ppe_1195_jpg.rf.5b4d74efca5dc859c52350db17d8623e.jpg,train,2be519c7380184dccc1ffc80c2f4a5ef5a58499a85d3e677ad79351eed21e4a4,1,0,1,1,0
ppe_1196_jpg.rf.24642bcdcd4773a8968218cc0878b97c.jpg,train,17d9d973807f43db0eab6038e4da625df6f15ecb4123e67c4b551fd91e72ee22,1,0,1,1,0
ppe_1197_jpg.rf.aab4c84f6fa40d375b127e63c246ee6a.jpg,val,08dce6cd06f610be33e5001b9de9f9efce6e63ad6cdcb567ea787cbc87bb7390,3,1,1,3,0
ppe_1198_jpg.rf.a842608c9a905a6a9ddb2dadc35877f5.jpg,train,31e66219f842fb7fdc5a7e465d046e064b1bdf2ce73aae6b3a1187a14b5fc987,3,0,3,2,0
ppe_1199_jpg.rf.502f400806b726d9ad2d6195042ebf05.jpg,train,6d793c4da9f622f08eac61e62a87fa24542a80ccb9a16bcd780f9851a2f0d64a,3,0,3,2,0
ppe_1200_jpg.rf.75416438d6ba4c94d8a582f5936cecd2.jpg,train,72c8196fe4cc713f4b55e886cfbfe4de9e90677bf7009f033cde8a888a5cb5f0,1,0,1,0,0
ppe_1201_jpg.rf.1181dd892e1a92bea54b089e4b0abc79.jpg,test,2d96bf02f6344fcd45b1c157934d3e91b559b6ef26ae746935ca9e14c74d49be,2,0,2,0,0
ppe_1202_jpg.rf.46d6bc896f3fbe8471f72a2ff187162f.jpg,train,f1342acf68f67186f38a510966a67040ec198da978de42fb100226bb744dab6e,1,0,1,1,0
ppe_1203_jpg.rf.dd36b4e2d0068379939969ffa2caeba5.jpg,train,0870390d1f9d0f06bc20d071ea8d35036e988639f18d38fb31a1671930691ec8,2,0,2,2,0
ppe_1204_jpg.rf.804faeaafee7514ae66265118502fdfd.jpg,train,13bdb650df327a2d2749c6a7a2bf5e504162d0ff75f1f252b84075ed11128b17,1,0,1,0,0
ppe_1205_jpg.rf.b268649c1371579eb41d58029f241d4b.jpg,train,8e2b2ab4211a3a920d8221e9941c9be1ad1c3ca3638634b57c0e30f7af8a6819,1,0,1,0,0
ppe_1206_jpg.rf.1d985a529664c8eba0ab2606f16b8dda.jpg,train,95f80f5dbb7e600290f70e458b4d3f981bccb1b38bde42128741cb0874bd9845,1,0,1,1,0
ppe_1207_jpg.rf.641ddf56f45bdd5dcd3471c2addfb593.jpg,train,a53678ed1292c51af6e9f512194610a468bffcfa39a6f06dd8233ae337b2d75f,2,0,2,2,0
ppe_1208_jpg.rf.019c4eb5ed27cc85c94f8d2669d48993.jpg,test,1e18d693bf6f783f5e8617ea92e3a741eafa363b0b3abd56b1989af15ed1e2fe,5,0,4,0,0
ppe_1209_jpg.rf.3b4199ad2452b53718931541ae4b0e57.jpg,train,dcb80bf2af93607022ffd1a7c8e0984e448fb79bc876af663d974f191dd6d3c8,2,0,2,2,0
ppe_1210_jpg.rf.ae592d018bac77996ad87998d7648158.jpg,train,ac3aba97f5fa033dbaa0e343c4c1399898e3131767bcd3f401c0344701acfe70,2,0,2,0,0
ppe_1211_jpg.rf.31d3938f041c07b8b78db1b5e0b55785.jpg,train,d3b3f6d7bcca76344e5e2423c72ed6ffa3e0654a5d94d1f49c6098a093a03154,5,0,5,4,0
ppe_1212_jpg.rf.175d181251eb2be19e6bc7347be4ec8a.jpg,train,f67c4288ff473a7dc7df2cfc20dacc004fe452a9b9b7cfc7e27039e94fc7d407,3,1,3,2,0
ppe_1213_jpg.rf.301c39f9e2d79a516422d1b003c86aed.jpg,train,7c104a7bdeef1d13fe47e53070a6f3267c969e10df6c6b5748bdc96f592d3120,1,0,0,1,0
ppe_1214_jpg.rf.a726de20b26df7a8e78dc26129522279.jpg,val,b983370f23e4398e3c7f4ac7cabc82c4ad0e6c93f0474424591306480d72d2fc,1,0,1,1,0
ppe_1215_jpg.rf.6d00e47987aef079188ea0ffaacd7e23.jpg,train,34913b810594623d35859082d7430febaf1e76382611f3cb14ebd31adb0eef72,2,0,2,0,0
ppe_1216_jpg.rf.23a262c0a601fc874c3fa5b87f020057.jpg,test,4c7c719ca6f9555aa82122e644fc75f5b5c1e54e9ed4bcf0604578a3f892f468,4,0,2,0,0
ppe_1217_jpg.rf.70924e23f63aaa06d11bfc5559b7be45.jpg,train,95baee2608550f56e13e60c528798d8d08378d829a2848c21c1c3371502d8b12,4,0,3,3,0
ppe_1218_jpg.rf.172d528a83c4ba6c9f8fca3821e69b10.jpg,test,87eac2c05faaadf54752d683a2b9c58886fa968cb7ec1f3ef83fd16a9d2f51f9,5,0,3,0,0
ppe_1219_jpg.rf.2384f9705e688a995cc63f0e16e07460.jpg,train,f1856024ae807ad5e66314561365cac8be3138303d28911eb0a93ff0080b4230,1,0,1,1,0
ppe_1220_jpg.rf.8df929fad7b60148d9e2a4f876897223.jpg,train,a98d21f89736be123da967a839a822460eb99a46558eb6b6242d9fe70687b9e4,1,1,0,1,0
ppe_1221_jpg.rf.dac375a959397d3fca344a0d529652ad.jpg,train,2cb28746729c81a1a433f74c8a8e016d3407b12ca679275b10ccbefade3f7f29,1,0,1,0,0
ppe_1222_jpg.rf.98d024937c9ca3419845fbbfe571161e.jpg,train,34997c4b8d02ad45e1200b216fd2e7ce7ff1b1f435e541438202495abc18220a,2,0,2,0,0
ppe_1223_jpg.rf.1cb55bee4d6f70dc172f808f375e36f3.jpg,train,7cb30c8b6b0d52f08b260b1483468c3d207f23ed4d2428820f74236a57d16479,2,0,2,2,0
ppe_1224_jpg.rf.a746aa63757eee83c6bdff93c712c8ae.jpg,train,52d5bc5d875ca2bd6d3e589c0020a6759f971cd61e4c14f7a164dfd89862b42c,5,0,5,0,0
ppe_1225_jpg.rf.982b4c9fc4d65d0044032e420cdc1192.jpg,train,dbe78f7f4d7f96ff5b5271f892159b12dfabaa9c8aa99dd3224f7232d5136f85,2,0,2,0,0
ppe_1226_jpg.rf.e2945d69c3c3cbd648f391412441dd4b.jpg,train,ab76088607bfd49a7d64336448c45903cf99c86120ed19e9aa612984f845a8bc,1,0,1,0,0
ppe_1227_jpg.rf.614dad716ba96fd928ffae6d7d227662.jpg,train,a7456dcd0fe70736264c5c23103dbad6070b3af1363d67746431e488af05c0d4,3,0,3,4,0
ppe_1228_jpg.rf.541b5ac1a2b831e40ca5e81ab5ff4062.jpg,train,298bdee9ca41ef6e454c403d6d1fa6c6f401472bc15b90fcd129c2da75948ace,1,0,1,1,0
ppe_1229_jpg.rf.b9684694a05c84a5673c05f57177241c.jpg,test,3e5e55cd10c52e2dc09fcbf2d4d3a051ce8795ea77f002c38f932d8b7d579115,4,0,4,3,0
ppe_1230_jpg.rf.67d6a8559352418136b8fb5fcfbf24cb.jpg,train,37c9a636afa8e73206b660d909c11c996d820c0460a706220690b66008c0e475,6,0,4,6,0
ppe_1231_jpg.rf.00c7194b5d979be47b94ff33b4e6587b.jpg,train,1a62c38e6137722aac1b99e00bcbf70b965c83abd2291ce731c9b297838984ed,1,0,1,0,0
ppe_1232_jpg.rf.3cae62681a6dc3aac8725db02ea1548c.jpg,train,d9b34c4f87842a691be2e76e1ab9683e23dc0ef54de6dbb60f4b8ff73ce1e314,3,1,0,1,0
ppe_1233_jpg.rf.86f41f02be39a573bdef61baaaad5ae7.jpg,val,5c56176b2fc6411273e0d49a41666e6049d3f447eeb5ab102c7232b86ae020ef,2,0,2,0,0
ppe_1234_jpg.rf.f64c8f766cc7ccd4c8ce2c48c7d575cf.jpg,test,83c5299103560c2e3af7c78ce2f9b401b2e5027e550361236394872e9ee57847,1,0,1,0,0
ppe_1235_jpg.rf.d542ba5bbb37978c5d657d21c80644fb.jpg,train,711fbbbf44028b1dde246960a58da31ccbb9acbdb47985806ae147cf58e12dff,2,0,2,0,0
ppe_1236_jpg.rf.fe3381030a8189d295eaf69ec7c55ac8.jpg,train,c0314d573822aa026cb0beff4786af303e1ad12f4ad000bbebd0fa457dfe85e1,3,0,3,3,0
ppe_1237_jpg.rf.e3b1e2e148343bd0a6b78ac0a8d90978.jpg,train,26ab41a24a4ee6f69ebce55bef2082ee19b8e8d6192a458418ae067b8abb91c4,5,0,3,0,0
ppe_1238_jpg.rf.3cfde41cc94a423ce45467e735193ab0.jpg,train,de214eefb57dfae4909058abbe6e449a45e0c3b8781d1a308f33efbcf3cca1e1,5,0,4,0,0
ppe_1239_jpg.rf.53f7e9b79cd3408cbec6aadfc574138f.jpg,train,2d0c7c8a78091e5f84b17e15c17fcede7ab4b6597fdaca860311d1b5164c92d8,4,0,4,4,0
ppe_1240_jpg.rf.e903d6adeb737104e93ef6b818c0c56c.jpg,val,ac7a7c2409b6d9b54a74224073e12dd78d8627a98b018d398f4b2c7d188568f9,2,0,2,0,0
ppe_1241_jpg.rf.1249ec8b836ba8ad02b0a92aa20ae2be.jpg,train,623a66a4f04ccb8cd04d8a5651b2209d15615d9ffb61fc807f61113ddb7cb80e,1,0,1,0,0
ppe_1242_jpg.rf.49c83f5cdaafd6268291758bee0d6331.jpg,train,e7470a562db401427f7dd1709a9a6a5bba8dd0075d0d5c46375ed19d23f898dc,1,0,1,1,0
ppe_1243_jpg.rf.b441b554e3846459f3d80c2768c60515.jpg,train,58407df67b9ea11510a06dff6dfc0595060bfdaa8760090bfb7320c47062b1a5,3,0,3,0,0
ppe_1244_jpg.rf.6e144a677fdc442fa8213f9e04f6fa40.jpg,train,cf2e746cb4b91f64502edc2165198b95040472771a85aa29e2425f72b65a916a,6,0,7,0,0
ppe_1245_jpg.rf.3f1535e3f4c41caf86ef7ea1857ceeee.jpg,val,e3e4a133fc1a00c4a76914edae6d1d04ecb47f7d363f592febdd1bd89d1b3980,4,0,3,0,0
ppe_1246_jpg.rf.3b63ad528ef49caafa9c686a93e2222f.jpg,train,ea5810a4f4add56139a462b30f6fa6758596bbab9df1b612b22a9a5528f6b172,5,0,5,0,0
ppe_1247_jpg.rf.15ea28041e6d8fe4e49e15cc10269739.jpg,train,e55ff7f1d7ba9757b93c430fa76c5764c858f49b092b83f2a16b7c90303f34da,4,0,3,3,0
ppe_1248_jpg.rf.be411c3ee03e8fce365f1b40a543424e.jpg,train,4c85ef607a7daa58be17b8f45fe063de7eec756268723a91608e678c67382112,5,0,5,0,0
ppe_1249_jpg.rf.4325431ac891b6c9c6fae27d2f8b9ae2.jpg,train,960217a015e273183c36b2dca97cbffcf12407f133861934e0edc1e276d76c1a,1,0,1,1,0
ppe_1250_jpg.rf.f9d524d380e269b52f79c4176505b4e5.jpg,train,558662eed26f62c23243f6ca2a072287457ba43dd22c981edaafaf4518fce2a4,6,0,5,0,0
ppe_1251_jpg.rf.bb658c04b86bf0f147d192d2a310d339.jpg,val,2b49f6e6c43444aa72fc6e543376eeb49077440ce4ab09d33106ad06dab75439,5,0,5,0,0
ppe_1252_jpg.rf.0cd2bb7dafed0cc9891ab802907f6525.jpg,train,e95114b643191316d80aae0d57106505f82158b912ed0a3f200538be6e818315,6,0,7,6,0
ppe_1253_jpg.rf.aacc8ee21cee410f8b2653d833e47fbb.jpg,test,36e5dabec6d953cd48d062f8de702c1e1ea589790e35d919482604164de0fe50,1,0,1,0,0
ppe_1254_jpg.rf.c51719788d90fa987ff86c46604973e8.jpg,train,b12503967c4d0e245114ac70a176a9d187277cd10b0280c289b7b375d08518fb,7,0,8,0,0
ppe_1255_jpg.rf.a26f972947ce2f2eb671eb32c4fc5623.jpg,train,119422e44a9f680d05725272952fa62c3f1deea0fde4ab2dfc711d97cd916b96,4,0,4,0,0
ppe_1256_jpg.rf.be5d837478a5d4d190bee53a3a439a52.jpg,train,e8f2478f48fd2f4b70c5c5feb277a0a621f46fed47f3c7536ede77915f5d362c,3,0,3,3,1
ppe_1257_jpg.rf.4684e86652e777d34728385718e553b9.jpg,test,564f4e237b8a5139fac39a7aa1239d6bb473b2f5aee02914527d617d1504641b,5,0,4,0,0
ppe_1258_jpg.rf.437748a18338b493650038e4d3af1758.jpg,val,4d64d3de05f03ce86d86f1eb7a13c5a83e251e7d811b69e440a204fd2d277b2f,5,4,0,4,0
ppe_1259_jpg.rf.e5d7c958f3e87010a7c5bc0ca2619603.jpg,test,217f745cb2ac8bc38daf19701a11dcaa05f5f3d018aa2ffd6ce04bdb17c8757e,5,0,3,0,0
ppe_1260_jpg.rf.68aa64d6c9fcb78d749903c28726dd64.jpg,train,2375d915685ca8fe9819ece94eb11aaedd8a2d074a178c200ec82f6bb0396189,7,0,3,5,0
ppe_1261_jpg.rf.42025b355ec25c023a7f23c213081573.jpg,train,c9df50813c84b7f65ad0bae4dfc456c3ef2e0d60c3735db7a0c20c137e583364,3,0,3,3,0
ppe_1262_jpg.rf.3a3dd4bb4d419972c38d9c6ef99a31b9.jpg,test,1e1d390d6c1f69ff0afe9c757fc558942469afd49574ac46ae1419c4836928b6,2,0,2,2,0
ppe_1263_jpg.rf.82d63efbc128578827e759f8b6e15988.jpg,train,2cc9b026f5da6ee6defb8f7dd621cc3581a5dd40f6c28de727d4c79d00a22376,1,0,1,1,0
ppe_1264_jpg.rf.b99faa6af3ceea97fcc0afcbaed2f16f.jpg,test,2ac9bf0a4a09f8165d74f9998a1863bb5b0bd828aaaced3ab08672595ba45b68,3,0,3,0,0
ppe_1265_jpg.rf.de17f24519d46021c4fb9660b16be51f.jpg,test,cb84540687db92d65a0cdd42ba4c32eeb712675bbf10e64166a0d7fd34022b3d,1,0,1,1,0
ppe_1266_jpg.rf.c7c3bfbb1bbed01f9bf8a9eae40fec2a.jpg,train,0d6fd52d77138712375f7fee77eae5e38777cadfb27006e89d7b6de054738f7a,1,0,1,1,0
ppe_1267_jpg.rf.0e317a008da55f43b41352477b529c1e.jpg,test,4d324dad9b66b50aaf24a6cf2d680ff093cca829f03e847fecdba8399490314b,5,0,4,0,0
ppe_1268_jpg.rf.23f843abf149574757a20ff88796ae5e.jpg,train,674c1b5fc08da62c0b9ce5e2dfa39ed374e33accb20731b7e9f77e14525abde9,1,0,1,1,0
ppe_1269_jpg.rf.f75db3e2a92bc570802b0b1f240dff2f.jpg,train,46a15e02789df0919bb37a14881876e97080aab0ea2010cc8829846f634d7d73,3,0,3,0,0
ppe_1270_jpg.rf.fef173d3d7f9e67ed5f69f4a35a4e1b0.jpg,train,6220f918bf9b6e9edc60bb93905f6356249bc5ee376488fbea1eb493db3e4175,2,0,2,0,0
ppe_1271_jpg.rf.20ab914edff189bc2db5155ad131510d.jpg,train,efec74d55e372a876827e313e7e3218492418e3c5fcc6fc02652792ef73ed371,2,0,2,0,0
ppe_1272_jpg.rf.ac557f5aef9bdcc29fa54aff526aa76e.jpg,train,ca58f6a378f27a16a6c0f0063311dfbf1dc9f42c13663271d47101ce8bf30332,1,0,1,0,0
ppe_1273_jpg.rf.b4c0249fd6f0ddc94ecd7c97c14e65e8.jpg,train,d4a17ef5235fbdaf09b05aef4b40776912a3feb47a5d1b3a2e6d927a1f34a71b,2,0,2,0,0
ppe_1274_jpg.rf.560b508c39777fad89a966d8674db6d8.jpg,val,cecc7f3149aa5b75b3977b63bea5c56d7a1b8eed4ada43931063ebb7def31ac5,5,3,2,0,0
ppe_1275_jpg.rf.75f9b829b8a50b6b7f9a56278c162d20.jpg,train,ba20614ca861189cdc66348d39b55670b24fac70cbd7d142f22a4568411655c6,5,0,5,3,0
ppe_1276_jpg.rf.10394b473378b91d7d61ac4ac3f079bf.jpg,test,4a204d077f5dacf018780977760750034373c13b5e3dcfec085f1e7699f41cf4,5,0,4,0,0
ppe_1277_jpg.rf.d37b3e0b088228ce9dda576df3f95065.jpg,test,ceb50b8b1012d0118eb60135834a544d9b6bb6e36b43494e2e93b1b820c69812,2,0,2,0,0
ppe_1278_jpg.rf.4f7dc255c74e72d399027e77665527a6.jpg,train,4a78e4c3f8989cfaab7592ece39e0307bc1d3f6d3323a331d6f68e6a5bfdf1a0,1,0,1,0,0
ppe_1279_jpg.rf.1f41aad0e942c88eb1b85ae8e0d8d919.jpg,train,88077b7a92bf2887b26a293fb3c5db92cf60c4330c2f1188e0e21248b044983f,6,0,5,0,0
ppe_1280_jpg.rf.c12190efb21b2968ce967fd4fbc24247.jpg,train,e7ed2c5b639e3866cb5bb299bb116dff598e51b9d4cc95db4dcbfa853b8b0ca6,1,0,1,0,0
ppe_1281_jpg.rf.2cf13b131ad7daa3c877af1dba843f9d.jpg,train,4b99094e9a7df8431db0ef78df886e3b8477ddbd8df253b05817e84339126b0d,6,0,5,6,0
ppe_1282_jpg.rf.3371aab63a2ebbf6ca429321b96a93f4.jpg,train,9acb76418d4e529c697c9ca1cd8b86697282c45b7c33df8bd9ef8584b8b2a5fe,1,0,1,1,0
ppe_1283_jpg.rf.465381a9070ba02cd15ee038c32ad8d0.jpg,train,cffad403ada6899c5e5743f4c1df23ca02cb264bf179bcc49cd97ad25caa5aee,1,0,1,1,0
ppe_1284_jpg.rf.5542155a03a81beaa8f234e17ba424c4.jpg,train,e7514264dc5be0b11735890c50bb75c3a5e3d7f5f01e80b1c22c048383f6986e,6,0,0,6,0
ppe_1285_jpg.rf.eee7b03dea9fad535b29545cf55c18a0.jpg,train,cfb2fe5672426aef4099d2a9db2e6be347a778ac75b3bdbac0b22a8b44a6ab85,5,0,4,0,0
ppe_1286_jpg.rf.6c9c512cf315a5dfc85c49ac4b6edb76.jpg,train,53b0b931430dabc05712f5919201ee27aa5d41465db24bc92185f0867249ea4f,1,0,1,1,0
ppe_1287_jpg.rf.452c1e8020fbae4fa3d0f350da6a8ebf.jpg,train,a027597a31d685649dec43bea9652b5525099404ccedd037f56c433d5cf9b5c5,2,0,2,1,0
ppe_1288_jpg.rf.2040e3a19e8c52083fb5edda69e2cc68.jpg,train,e8b908baa30f4ec587d9ae09c1268bf23c5da421fd9e8f75b0e93cedae2b829d,5,0,4,0,0
ppe_1289_jpg.rf.0fc6a14f77b03f9ea949546788f9269c.jpg,test,b779d52e0520a222ff3557c0f474eb0d32edba0c04cfd0dc18e664d581258264,1,0,1,1,0
ppe_1290_jpg.rf.2e12d7089a0cfec276fdda27707641d1.jpg,train,9400b6dc670d9b43673ef9d3e27308ab49ebcf7920457ef7138190383de723c9,3,0,0,0,0
ppe_1291_jpg.rf.352436353e35a9568ecbcf5f701b4f3e.jpg,test,d6d44d96ee95a95c759feb0a25c876086d279e99458579e4f930a6b81de8e006,1,1,0,1,0
ppe_1292_jpg.rf.3ce24e7a783570dacb016c266320ecab.jpg,train,d4bd944cd2d920981b19c3f63faf6b8ce6afd43bd8be6881cf426d583e505a7c,4,0,4,1,0
ppe_1293_jpg.rf.a634a272c2f21ec44f471a8cf4ee92fa.jpg,val,07241b619d4d7150aa5398d4922bd3ae47dc391de8d4c735844a190da4fe9140,7,0,3,7,0
ppe_1294_jpg.rf.946ce1563c166d7780caf8410d479d70.jpg,test,a90f668b6f9b8acf490b1695d8bace08a4175d8c6ead96eeafb798e184b6a909,5,0,4,0,0
ppe_1295_jpg.rf.4a8647f3b2eeb85b8b60e9a014483cff.jpg,test,5ee378cae2e0f36783986bc09e0c91e17968db964d6be39b442c074360774141,5,0,4,0,0
ppe_1296_jpg.rf.6f11ece3fa54a9fc6025180cfcbeed7b.jpg,train,bc8cfea2d774e6da6b6068b715af4b06eff863d92eb8fa51998b1681884eb0d2,3,0,2,0,0
ppe_1297_jpg.rf.9239675bb4c8838a06ce93ac93960b44.jpg,train,4ebddfb06d54d1032d3171a7487ebe053f0b83a95b67c7fb07c5711c3cfc5715,3,0,3,0,0
ppe_1298_jpg.rf.c142e9cc038270f742898b1f7bb73490.jpg,train,c820f93aeaf313a41c3d22dc2ac02ea198559a9e26def7a5b59ee9d1d462f439,8,0,9,9,0
ppe_1299_jpg.rf.61c508f0ad5a58ee1adc27f7db6a35a5.jpg,train,c8c19c06e14283d247c096197b0165b92e764af96a9f36656581d4ecf53cf065,3,0,3,3,0
ppe_1300_jpg.rf.2b18d01a97ae9e52bced89d66ee8f7a8.jpg,train,87121cb56f2e12403367639ab137981e9f1d0f661930bfa39929b126e6bc8fb1,5,0,5,0,0
ppe_1301_jpg.rf.f9a0bd8e56b644afe269d214c1034346.jpg,train,ecfc9abbd9bacd1ccc8abf9d53a6de48e0e9fbf7b144c1d026bb949ee4b9ae6d,5,0,5,5,0
ppe_1302_jpg.rf.20fe267f80e6a001bcef41053d8c7a72.jpg,train,569c396afd678d9e91b7b6cd4ef990168e3ddd660b0b35dc31b8339224866d00,2,2,0,2,0
ppe_1303_jpg.rf.8893e379ea9a08a046db313c4c22d807.jpg,train,672ee53575ba73c403b81bab26b2d0992d62fbe032e4ce31c52da50a690cf5f3,2,0,1,0,0
ppe_1304_jpg.rf.3ee26b0727952a713da2ab5a5e8645b8.jpg,train,5795bbe9cda859e92d11848104c385ffb11fee544743f7f171e6de5e6362aacf,3,0,3,0,0
ppe_1305_jpg.rf.fdcb7e9bdc532fd603015ce239ca3698.jpg,train,50a1196879db4a3267300ab4a9fe3a9810e2a9e9dbbb3402e2f5c6054b9d8068,6,0,7,0,0
ppe_1306_jpg.rf.48c9fa237cf8e923185ab3686f3f5555.jpg,train,fe99ffb15a4983c96b572d0eeeb0bbf1353d98d0136ce5a769f9ab93ec3becd1,3,0,2,0,0
ppe_1307_jpg.rf.be36ad9543785c84a03452f2a576a1cc.jpg,train,18453f74899f3d0f171623a9c3c37da1c7fd72d975235e60dbda7fd3f7481b29,3,0,3,0,0
ppe_1308_jpg.rf.f55aabf3d48776210bc117151e969e64.jpg,train,49aab63dd5294e33b11274ba7ac63186e117ef178aaacff6f95dd31bab23f97e,1,0,1,0,0
ppe_1309_jpg.rf.fc295f04bf6603392972125f52e39868.jpg,test,22e3eeb8644b15d177476bdd0d78b7617cf92c898c9c2d68fef52a9051f530f5,1,0,1,0,0
ppe_1310_jpg.rf.b8e5adfaa6cfe240fb1aabe95952f167.jpg,train,35c679baf93ed8edb9aac66232ca23a22001fd3dc532fc293083401f85df45d7,1,0,1,1,0
ppe_1311_jpg.rf.4b2cb9cb6f0b8a8cad350caf65db8f3b.jpg,train,7de8abdff2bd5475debcea559ce5854b0d7d97fc7781e06362188cad5c142107,2,0,2,0,0
ppe_1312_jpg.rf.bf6235ef7379b60692ff839ffc97b630.jpg,train,dfa58f870561607f7661948829bc8189139de86a7b41d720d26652f4e87343e9,1,0,1,0,0
ppe_1313_jpg.rf.c4665b6a80c823df906c2e6d60247833.jpg,train,42942e372ab710208b70475d551cee40a969262b62c323a57d96be7e4272d6aa,1,0,1,0,0
ppe_1314_jpg.rf.eefb92f73740b48ad284179080a27ef1.jpg,train,29e7eae01b65bd9fefd7e2550d3c1bcb6490070c093b9ac9c74858a5aa8025db,2,0,2,0,2
ppe_1315_jpg.rf.c533c94caf309d86a9e5b65cb8ac45e6.jpg,train,2c16876d06e5c29823487b41eb6cc06620996bcdc80d7e06a705af3172a9bc06,5,0,2,0,0
ppe_1316_jpg.rf.fd79e70a8806e76f94a9bb07ef3219dc.jpg,train,bd51884b5b652b441da4ae68b457f920f67929b9ad583dc8f6b413838233e8fc,1,0,1,1,0
ppe_1317_jpg.rf.7db5317467ca37f6b13f153894cdfc60.jpg,train,3c690fd82ea805b993d7ea63bcc470c4228c52adc45d98b32653a8c157e03d6a,4,0,3,0,0
ppe_1318_jpg.rf.53cd44f1a514db1dedfb4c2c0f3d8b67.jpg,train,6c6c46e254606b73d25abc01ad3d6c0b5633e46fbd0a71965ad2a0a3511ea171,1,0,1,0,0
ppe_1319_jpg.rf.c0ba9de4a73cc8781af912b8f6d63c8b.jpg,val,b6b6685f554b42e5a45811a469edeeb12998a2c6107fa968e5e60afee9641a9b,6,0,3,2,0
ppe_1320_jpg.rf.28186436e55c9665b9c663f8c0158d70.jpg,train,7543bc50eb6a189bfb3aedce6651aa31e27ffbd2d5993e0d41ff6bf6e4dd4480,4,0,3,1,0
ppe_1321_jpg.rf.d513673153c767a716d51f2398cef13f.jpg,train,d5829afceab0a23bd05d3c16325e0868b2d6e213ef10a4c8adf4fe1a510e6345,10,0,10,0,0
ppe_1322_jpg.rf.6677c6ba7c1937b97d4771ec46acc9a0.jpg,train,67ff17d0ebe249bfa37087963c46d01f81d80a1098fe84cff61b80e054bed9b5,5,2,0,5,0
ppe_1323_jpg.rf.74042a7d39f79d065d541009e3ec1576.jpg,val,d0a98bf7ffbef86f7018f0d2a0287650151415fc0c7ba6c8384c153dc095c863,2,0,1,1,0
ppe_1324_jpg.rf.677f6aca1aaf505a4cb0b35aa9df1dbd.jpg,train,c705b8b9ed987577550478bb1d0d10c824d9c45f51b9da9d52c936c8b054c0ed,1,0,1,0,0
ppe_1325_jpg.rf.318f5f70ba988e27039ccafd75bee85c.jpg,test,ef98abec112fff802ba06b0b7baec538619f4671ae807c2db070bbaad13a0f1c,3,0,4,3,0
ppe_1326_jpg.rf.87ad0081415e1d4057229ed97e83defe.jpg,train,39fd8da2a786b3ead0c2c58be82648966f18d1ed5c063d122c0b8aed6a34d03d,2,0,2,1,1
ppe_1327_jpg.rf.8637ded38a1c0de0c4118bcaf72549fe.jpg,train,a26a9ef1ad88a5d2e3178214ae2027dee204251f9bd90a6a7af7918751b28649,9,0,5,9,0
ppe_1328_jpg.rf.4a48bd2de9bed64202612a9b71e8c20b.jpg,test,3a00d1e9088dfaba3b81d9885161162491e13415557e19579d13366011ab051a,10,0,10,0,0
ppe_1329_jpg.rf.7657d2370185c244b6f96fcfbc130760.jpg,train,2877095c9447b7eb60b9b9cbad1dd5c5a8701dc871631ad202c14d7d2c073f93,1,0,1,1,0
